x,y
0.8703651,-0.015607697
-0.3599517,-1.1596341
-0.33779085,1.5834423
0.9704319,1.7894646
1.7463129,0.21505159
1.4576023,1.377976
0.49675733,-1.8309611
0.6159741,-1.2844936
-0.10719352,-1.0997189
-1.4331464,1.3878648
-1.424362,1.147461
-0.62684155,1.2785391
-1.0620387,0.76195306
-0.6239179,0.8946776
0.20089333,-0.5141766
-0.16001254,1.3843176
-0.0329234,1.4278771
1.5582788,-1.5347264
-1.9884918,-1.6987017
0.3043536,1.4212974
-1.8745573,1.4175104
-0.98042834,-1.2394607
-1.7462679,-0.56749725
-0.7934199,-0.5798974
0.30965194,-1.2665881
-0.9278879,1.3926784
1.5946177,1.9193895
0.2283469,-0.27409583
0.94864386,1.7649059
1.7664268,-0.89481246
0.102976985,-1.6289396
-1.8051866,-0.84739053
-0.774667,0.71508497
1.3233553,1.1928892
-0.13753863,-0.64443296
-0.79129237,-0.18644473
-1.1945246,0.676887
0.9988482,1.4575484
0.24877284,-0.43015185
-1.8845539,0.823987
1.7275351,-0.4245514
-0.87548876,-1.26658
-0.018650407,-1.701591
-0.5307731,-0.74366105
1.1067381,0.6839814
0.22926302,1.7982091
0.91959476,-0.57247406
0.76585287,-1.1299602
-1.5958211,-0.90905964
0.12849025,1.6226715
1.5847238,-0.6419828
1.1556338,-1.246627
1.2760324,-0.42517495
0.81850517,-0.49943298
0.33472693,0.5543974
0.17522837,-1.217083
-0.2999914,-1.4654161
0.09643868,-0.4812161
-1.9133533,0.14907667
-1.8753052,0.59622335
-0.71340597,0.25927332
0.5219867,-1.5365008
-0.35260358,-1.4566561
-1.9259259,0.29909226
-0.4368617,-1.7082539
-1.9202578,-1.251826
1.0778515,1.0050029
0.34690624,-0.90485173
-0.2510374,1.0253707
-1.3960867,0.46165895
1.4397653,0.7729923
-1.915516,-0.74253047
-0.9619995,1.094445
-1.3393047,0.41259822
0.48064315,1.7353699
-0.38934642,0.79970735
-0.28654283,-1.2383103
0.42266458,-0.11963974
-0.8529686,1.913812
1.9911997,1.7245501
-7.129635,-8.015608
-8.359952,-9.159634
-8.3377905,-6.416558
-7.029568,-6.2105355
-6.253687,-7.7849483
-6.5423975,-6.622024
-7.5032425,-9.830961
-7.384026,-9.284493
-8.107194,-9.099719
-9.433146,-6.612135
-9.424362,-6.852539
-8.626842,-6.721461
-9.062038,-7.238047
-8.623918,-7.1053224
-7.7991066,-8.514176
-8.160012,-6.6156826
-8.032924,-6.572123
-6.441721,-9.534726
-9.988492,-9.698702
-7.6956463,-6.5787024
-9.8745575,-6.5824895
-8.980429,-9.239461
-9.746268,-8.567497
-8.79342,-8.579897
-7.690348,-9.266588
-8.927888,-6.6073217
-6.405382,-6.0806103
-7.771653,-8.274096
-7.0513563,-6.235094
-6.233573,-8.894813
-7.897023,-9.62894
-9.805186,-8.84739
-8.774667,-7.284915
-6.676645,-6.807111
-8.137539,-8.644433
-8.791292,-8.186444
-9.194525,-7.323113
-7.001152,-6.542452
-7.7512274,-8.430152
-9.884554,-7.176013
-6.2724648,-8.424551
-8.875488,-9.26658
-8.01865,-9.7015915
-8.530773,-8.743661
-6.893262,-7.3160186
-7.770737,-6.201791
-7.080405,-8.5724745
-7.234147,-9.12996
-9.595821,-8.90906
-7.8715096,-6.3773284
-6.415276,-8.641983
-6.844366,-9.246627
-6.7239676,-8.425175
-7.1814947,-8.499433
-7.665273,-7.4456024
-7.8247714,-9.217083
-8.299992,-9.465416
-7.903561,-8.481216
-9.913353,-7.8509235
-9.875305,-7.4037766
-8.713406,-7.7407265
-7.478013,-9.536501
-8.352604,-9.456656
-9.925926,-7.7009077
-8.436862,-9.708254
-9.920258,-9.251826
-6.9221487,-6.994997
-7.653094,-8.904852
-8.251038,-6.9746294
-9.396087,-7.538341
-6.5602345,-7.227008
-9.915516,-8.742531
-8.962,-6.905555
-9.339305,-7.587402
-7.5193567,-6.2646303
-8.389346,-7.2002926
-8.286543,-9.23831
-7.5773354,-8.119639
-8.852968,-6.086188
-6.0088005,-6.2754498
-7.129635,-4.015608
-8.359952,-5.159634
-8.3377905,-2.4165578
-7.029568,-2.2105355
-6.253687,-3.7849483
-6.5423975,-2.622024
-7.5032425,-5.830961
-7.384026,-5.2844934
-8.107194,-5.099719
-9.433146,-2.6121352
-9.424362,-2.852539
-8.626842,-2.7214608
-9.062038,-3.238047
-8.623918,-3.1053224
-7.7991066,-4.5141764
-8.160012,-2.6156824
-8.032924,-2.572123
-6.441721,-5.534726
-9.988492,-5.698702
-7.6956463,-2.5787024
-9.8745575,-2.5824895
-8.980429,-5.239461
-9.746268,-4.5674973
-8.79342,-4.5798974
-7.690348,-5.266588
-8.927888,-2.6073217
-6.405382,-2.0806105
-7.771653,-4.274096
-7.0513563,-2.235094
-6.233573,-4.8948126
-7.897023,-5.6289396
-9.805186,-4.8473907
-8.774667,-3.284915
-6.676645,-2.8071108
-8.137539,-4.644433
-8.791292,-4.1864448
-9.194525,-3.323113
-7.001152,-2.5424516
-7.7512274,-4.430152
-9.884554,-3.176013
-6.2724648,-4.4245515
-8.875488,-5.26658
-8.01865,-5.701591
-8.530773,-4.743661
-6.893262,-3.3160186
-7.770737,-2.2017908
-7.080405,-4.572474
-7.234147,-5.12996
-9.595821,-4.9090595
-7.8715096,-2.3773284
-6.415276,-4.641983
-6.844366,-5.246627
-6.7239676,-4.4251747
-7.1814947,-4.499433
-7.665273,-3.4456027
-7.8247714,-5.217083
-8.299992,-5.465416
-7.903561,-4.481216
-9.913353,-3.8509233
-9.875305,-3.4037766
-8.713406,-3.7407267
-7.478013,-5.536501
-8.352604,-5.456656
-9.925926,-3.7009077
-8.436862,-5.708254
-9.920258,-5.2518263
-6.9221487,-2.994997
-7.653094,-4.904852
-8.251038,-2.9746294
-9.396087,-3.538341
-6.5602345,-3.2270076
-9.915516,-4.7425303
-8.962,-2.905555
-9.339305,-3.5874019
-7.5193567,-2.26463
-8.389346,-3.2002926
-8.286543,-5.2383103
-7.5773354,-4.11964
-8.852968,-2.0861878
-6.0088005,-2.2754498
-7.129635,-0.015607697
-8.359952,-1.1596341
-8.3377905,1.5834423
-7.029568,1.7894646
-6.253687,0.21505159
-6.5423975,1.377976
-7.5032425,-1.8309611
-7.384026,-1.2844936
-8.107194,-1.0997189
-9.433146,1.3878648
-9.424362,1.147461
-8.626842,1.2785391
-9.062038,0.76195306
-8.623918,0.8946776
-7.7991066,-0.5141766
-8.160012,1.3843176
-8.032924,1.4278771
-6.441721,-1.5347264
-9.988492,-1.6987017
-7.6956463,1.4212974
-9.8745575,1.4175104
-8.980429,-1.2394607
-9.746268,-0.56749725
-8.79342,-0.5798974
-7.690348,-1.2665881
-8.927888,1.3926784
-6.405382,1.9193895
-7.771653,-0.27409583
-7.0513563,1.7649059
-6.233573,-0.89481246
-7.897023,-1.6289396
-9.805186,-0.84739053
-8.774667,0.71508497
-6.676645,1.1928892
-8.137539,-0.64443296
-8.791292,-0.18644473
-9.194525,0.676887
-7.001152,1.4575484
-7.7512274,-0.43015185
-9.884554,0.823987
-6.2724648,-0.4245514
-8.875488,-1.26658
-8.01865,-1.701591
-8.530773,-0.74366105
-6.893262,0.6839814
-7.770737,1.7982091
-7.080405,-0.57247406
-7.234147,-1.1299602
-9.595821,-0.90905964
-7.8715096,1.6226715
-6.415276,-0.6419828
-6.844366,-1.246627
-6.7239676,-0.42517495
-7.1814947,-0.49943298
-7.665273,0.5543974
-7.8247714,-1.217083
-8.299992,-1.4654161
-7.903561,-0.4812161
-9.913353,0.14907667
-9.875305,0.59622335
-8.713406,0.25927332
-7.478013,-1.5365008
-8.352604,-1.4566561
-9.925926,0.29909226
-8.436862,-1.7082539
-9.920258,-1.251826
-6.9221487,1.0050029
-7.653094,-0.90485173
-8.251038,1.0253707
-9.396087,0.46165895
-6.5602345,0.7729923
-9.915516,-0.74253047
-8.962,1.094445
-9.339305,0.41259822
-7.5193567,1.7353699
-8.389346,0.79970735
-8.286543,-1.2383103
-7.5773354,-0.11963974
-8.852968,1.913812
-6.0088005,1.7245501
-7.129635,3.9843924
-8.359952,2.840366
-8.3377905,5.583442
-7.029568,5.7894645
-6.253687,4.2150517
-6.5423975,5.377976
-7.5032425,2.1690388
-7.384026,2.7155066
-8.107194,2.900281
-9.433146,5.387865
-9.424362,5.147461
-8.626842,5.278539
-9.062038,4.761953
-8.623918,4.8946776
-7.7991066,3.4858234
-8.160012,5.3843174
-8.032924,5.427877
-6.441721,2.4652736
-9.988492,2.3012981
-7.6956463,5.4212976
-9.8745575,5.4175105
-8.980429,2.7605393
-9.746268,3.4325027
-8.79342,3.4201026
-7.690348,2.7334118
-8.927888,5.3926783
-6.405382,5.9193897
-7.771653,3.7259042
-7.0513563,5.764906
-6.233573,3.1051874
-7.897023,2.3710604
-9.805186,3.1526093
-8.774667,4.715085
-6.676645,5.192889
-8.137539,3.355567
-8.791292,3.8135552
-9.194525,4.676887
-7.001152,5.457548
-7.7512274,3.569848
-9.884554,4.823987
-6.2724648,3.5754485
-8.875488,2.73342
-8.01865,2.298409
-8.530773,3.256339
-6.893262,4.6839814
-7.770737,5.798209
-7.080405,3.427526
-7.234147,2.87004
-9.595821,3.0909405
-7.8715096,5.6226716
-6.415276,3.3580172
-6.844366,2.7533731
-6.7239676,3.574825
-7.1814947,3.500567
-7.665273,4.5543976
-7.8247714,2.782917
-8.299992,2.534584
-7.903561,3.5187838
-9.913353,4.1490765
-9.875305,4.5962234
-8.713406,4.2592735
-7.478013,2.463499
-8.352604,2.543344
-9.925926,4.2990923
-8.436862,2.2917461
-9.920258,2.748174
-6.9221487,5.005003
-7.653094,3.0951483
-8.251038,5.0253706
-9.396087,4.461659
-6.5602345,4.772992
-9.915516,3.2574697
-8.962,5.094445
-9.339305,4.412598
-7.5193567,5.7353697
-8.389346,4.7997074
-8.286543,2.7616897
-7.5773354,3.8803604
-8.852968,5.913812
-6.0088005,5.7245502
-7.129635,7.984392
-8.359952,6.840366
-8.3377905,9.583443
-7.029568,9.789465
-6.253687,8.215052
-6.5423975,9.377975
-7.5032425,6.169039
-7.384026,6.7155066
-8.107194,6.900281
-9.433146,9.387865
-9.424362,9.147461
-8.626842,9.278539
-9.062038,8.761953
-8.623918,8.894677
-7.7991066,7.4858236
-8.160012,9.384317
-8.032924,9.427877
-6.441721,6.465274
-9.988492,6.301298
-7.6956463,9.421297
-9.8745575,9.41751
-8.980429,6.760539
-9.746268,7.4325027
-8.79342,7.4201026
-7.690348,6.733412
-8.927888,9.392678
-6.405382,9.91939
-7.771653,7.725904
-7.0513563,9.764906
-6.233573,7.1051874
-7.897023,6.3710604
-9.805186,7.1526093
-8.774667,8.715085
-6.676645,9.192889
-8.137539,7.355567
-8.791292,7.8135552
-9.194525,8.676887
-7.001152,9.457548
-7.7512274,7.569848
-9.884554,8.823987
-6.2724648,7.5754485
-8.875488,6.73342
-8.01865,6.298409
-8.530773,7.256339
-6.893262,8.683981
-7.770737,9.798209
-7.080405,7.427526
-7.234147,6.87004
-9.595821,7.0909405
-7.8715096,9.622671
-6.415276,7.358017
-6.844366,6.753373
-6.7239676,7.5748253
-7.1814947,7.500567
-7.665273,8.554398
-7.8247714,6.782917
-8.299992,6.534584
-7.903561,7.518784
-9.913353,8.149076
-9.875305,8.596224
-8.713406,8.259274
-7.478013,6.463499
-8.352604,6.543344
-9.925926,8.299092
-8.436862,6.291746
-9.920258,6.7481737
-6.9221487,9.005003
-7.653094,7.095148
-8.251038,9.025371
-9.396087,8.4616585
-6.5602345,8.772992
-9.915516,7.2574697
-8.962,9.094445
-9.339305,8.412599
-7.5193567,9.73537
-8.389346,8.799707
-8.286543,6.7616897
-7.5773354,7.88036
-8.852968,9.913812
-6.0088005,9.72455
-3.1296349,-8.015608
-4.3599515,-9.159634
-4.337791,-6.416558
-3.0295682,-6.2105355
-2.2536871,-7.7849483
-2.5423977,-6.622024
-3.5032427,-9.830961
-3.3840258,-9.284493
-4.1071935,-9.099719
-5.4331465,-6.612135
-5.424362,-6.852539
-4.6268415,-6.721461
-5.0620384,-7.238047
-4.623918,-7.1053224
-3.7991066,-8.514176
-4.1600127,-6.6156826
-4.032923,-6.572123
-2.4417212,-9.534726
-5.988492,-9.698702
-3.6956463,-6.5787024
-5.8745575,-6.5824895
-4.980428,-9.239461
-5.746268,-8.567497
-4.79342,-8.579897
-3.6903481,-9.266588
-4.927888,-6.6073217
-2.4053822,-6.0806103
-3.7716532,-8.274096
-3.051356,-6.235094
-2.2335732,-8.894813
-3.897023,-9.62894
-5.8051867,-8.84739
-4.774667,-7.284915
-2.6766448,-6.807111
-4.1375384,-8.644433
-4.791292,-8.186444
-5.194525,-7.323113
-3.0011518,-6.542452
-3.7512271,-8.430152
-5.884554,-7.176013
-2.2724648,-8.424551
-4.8754888,-9.26658
-4.0186505,-9.7015915
-4.530773,-8.743661
-2.893262,-7.3160186
-3.770737,-6.201791
-3.0804052,-8.5724745
-3.234147,-9.12996
-5.5958214,-8.90906
-3.8715098,-6.3773284
-2.415276,-8.641983
-2.844366,-9.246627
-2.7239676,-8.425175
-3.1814947,-8.499433
-3.6652732,-7.4456024
-3.8247716,-9.217083
-4.2999916,-9.465416
-3.9035614,-8.481216
-5.9133534,-7.8509235
-5.875305,-7.4037766
-4.713406,-7.7407265
-3.4780133,-9.536501
-4.3526034,-9.456656
-5.9259257,-7.7009077
-4.4368615,-9.708254
-5.9202576,-9.251826
-2.9221485,-6.994997
-3.6530938,-8.904852
-4.2510376,-6.9746294
-5.3960867,-7.538341
-2.5602345,-7.227008
-5.915516,-8.742531
-4.9619994,-6.905555
-5.339305,-7.587402
-3.5193567,-6.2646303
-4.3893466,-7.2002926
-4.286543,-9.23831
-3.5773354,-8.119639
-4.8529687,-6.086188
-2.0088003,-6.2754498
-3.1296349,-4.015608
-4.3599515,-5.159634
-4.337791,-2.4165578
-3.0295682,-2.2105355
-2.2536871,-3.7849483
-2.5423977,-2.622024
-3.5032427,-5.830961
-3.3840258,-5.2844934
-4.1071935,-5.099719
-5.4331465,-2.6121352
-5.424362,-2.852539
-4.6268415,-2.7214608
-5.0620384,-3.238047
-4.623918,-3.1053224
-3.7991066,-4.5141764
-4.1600127,-2.6156824
-4.032923,-2.572123
-2.4417212,-5.534726
-5.988492,-5.698702
-3.6956463,-2.5787024
-5.8745575,-2.5824895
-4.980428,-5.239461
-5.746268,-4.5674973
-4.79342,-4.5798974
-3.6903481,-5.266588
-4.927888,-2.6073217
-2.4053822,-2.0806105
-3.7716532,-4.274096
-3.051356,-2.235094
-2.2335732,-4.8948126
-3.897023,-5.6289396
-5.8051867,-4.8473907
-4.774667,-3.284915
-2.6766448,-2.8071108
-4.1375384,-4.644433
-4.791292,-4.1864448
-5.194525,-3.323113
-3.0011518,-2.5424516
-3.7512271,-4.430152
-5.884554,-3.176013
-2.2724648,-4.4245515
-4.8754888,-5.26658
-4.0186505,-5.701591
-4.530773,-4.743661
-2.893262,-3.3160186
-3.770737,-2.2017908
-3.0804052,-4.572474
-3.234147,-5.12996
-5.5958214,-4.9090595
-3.8715098,-2.3773284
-2.415276,-4.641983
-2.844366,-5.246627
-2.7239676,-4.4251747
-3.1814947,-4.499433
-3.6652732,-3.4456027
-3.8247716,-5.217083
-4.2999916,-5.465416
-3.9035614,-4.481216
-5.9133534,-3.8509233
-5.875305,-3.4037766
-4.713406,-3.7407267
-3.4780133,-5.536501
-4.3526034,-5.456656
-5.9259257,-3.7009077
-4.4368615,-5.708254
-5.9202576,-5.2518263
-2.9221485,-2.994997
-3.6530938,-4.904852
-4.2510376,-2.9746294
-5.3960867,-3.538341
-2.5602345,-3.2270076
-5.915516,-4.7425303
-4.9619994,-2.905555
-5.339305,-3.5874019
-3.5193567,-2.26463
-4.3893466,-3.2002926
-4.286543,-5.2383103
-3.5773354,-4.11964
-4.8529687,-2.0861878
-2.0088003,-2.2754498
-3.1296349,-0.015607697
-4.3599515,-1.1596341
-4.337791,1.5834423
-3.0295682,1.7894646
-2.2536871,0.21505159
-2.5423977,1.377976
-3.5032427,-1.8309611
-3.3840258,-1.2844936
-4.1071935,-1.0997189
-5.4331465,1.3878648
-5.424362,1.147461
-4.6268415,1.2785391
-5.0620384,0.76195306
-4.623918,0.8946776
-3.7991066,-0.5141766
-4.1600127,1.3843176
-4.032923,1.4278771
-2.4417212,-1.5347264
-5.988492,-1.6987017
-3.6956463,1.4212974
-5.8745575,1.4175104
-4.980428,-1.2394607
-5.746268,-0.56749725
-4.79342,-0.5798974
-3.6903481,-1.2665881
-4.927888,1.3926784
-2.4053822,1.9193895
-3.7716532,-0.27409583
-3.051356,1.7649059
-2.2335732,-0.89481246
-3.897023,-1.6289396
-5.8051867,-0.84739053
-4.774667,0.71508497
-2.6766448,1.1928892
-4.1375384,-0.64443296
-4.791292,-0.18644473
-5.194525,0.676887
-3.0011518,1.4575484
-3.7512271,-0.43015185
-5.884554,0.823987
-2.2724648,-0.4245514
-4.8754888,-1.26658
-4.0186505,-1.701591
-4.530773,-0.74366105
-2.893262,0.6839814
-3.770737,1.7982091
-3.0804052,-0.57247406
-3.234147,-1.1299602
-5.5958214,-0.90905964
-3.8715098,1.6226715
-2.415276,-0.6419828
-2.844366,-1.246627
-2.7239676,-0.42517495
-3.1814947,-0.49943298
-3.6652732,0.5543974
-3.8247716,-1.217083
-4.2999916,-1.4654161
-3.9035614,-0.4812161
-5.9133534,0.14907667
-5.875305,0.59622335
-4.713406,0.25927332
-3.4780133,-1.5365008
-4.3526034,-1.4566561
-5.9259257,0.29909226
-4.4368615,-1.7082539
-5.9202576,-1.251826
-2.9221485,1.0050029
-3.6530938,-0.90485173
-4.2510376,1.0253707
-5.3960867,0.46165895
-2.5602345,0.7729923
-5.915516,-0.74253047
-4.9619994,1.094445
-5.339305,0.41259822
-3.5193567,1.7353699
-4.3893466,0.79970735
-4.286543,-1.2383103
-3.5773354,-0.11963974
-4.8529687,1.913812
-2.0088003,1.7245501
-3.1296349,3.9843924
-4.3599515,2.840366
-4.337791,5.583442
-3.0295682,5.7894645
-2.2536871,4.2150517
-2.5423977,5.377976
-3.5032427,2.1690388
-3.3840258,2.7155066
-4.1071935,2.900281
-5.4331465,5.387865
-5.424362,5.147461
-4.6268415,5.278539
-5.0620384,4.761953
-4.623918,4.8946776
-3.7991066,3.4858234
-4.1600127,5.3843174
-4.032923,5.427877
-2.4417212,2.4652736
-5.988492,2.3012981
-3.6956463,5.4212976
-5.8745575,5.4175105
-4.980428,2.7605393
-5.746268,3.4325027
-4.79342,3.4201026
-3.6903481,2.7334118
-4.927888,5.3926783
-2.4053822,5.9193897
-3.7716532,3.7259042
-3.051356,5.764906
-2.2335732,3.1051874
-3.897023,2.3710604
-5.8051867,3.1526093
-4.774667,4.715085
-2.6766448,5.192889
-4.1375384,3.355567
-4.791292,3.8135552
-5.194525,4.676887
-3.0011518,5.457548
-3.7512271,3.569848
-5.884554,4.823987
-2.2724648,3.5754485
-4.8754888,2.73342
-4.0186505,2.298409
-4.530773,3.256339
-2.893262,4.6839814
-3.770737,5.798209
-3.0804052,3.427526
-3.234147,2.87004
-5.5958214,3.0909405
-3.8715098,5.6226716
-2.415276,3.3580172
-2.844366,2.7533731
-2.7239676,3.574825
-3.1814947,3.500567
-3.6652732,4.5543976
-3.8247716,2.782917
-4.2999916,2.534584
-3.9035614,3.5187838
-5.9133534,4.1490765
-5.875305,4.5962234
-4.713406,4.2592735
-3.4780133,2.463499
-4.3526034,2.543344
-5.9259257,4.2990923
-4.4368615,2.2917461
-5.9202576,2.748174
-2.9221485,5.005003
-3.6530938,3.0951483
-4.2510376,5.0253706
-5.3960867,4.461659
-2.5602345,4.772992
-5.915516,3.2574697
-4.9619994,5.094445
-5.339305,4.412598
-3.5193567,5.7353697
-4.3893466,4.7997074
-4.286543,2.7616897
-3.5773354,3.8803604
-4.8529687,5.913812
-2.0088003,5.7245502
-3.1296349,7.984392
-4.3599515,6.840366
-4.337791,9.583443
-3.0295682,9.789465
-2.2536871,8.215052
-2.5423977,9.377975
-3.5032427,6.169039
-3.3840258,6.7155066
-4.1071935,6.900281
-5.4331465,9.387865
-5.424362,9.147461
-4.6268415,9.278539
-5.0620384,8.761953
-4.623918,8.894677
-3.7991066,7.4858236
-4.1600127,9.384317
-4.032923,9.427877
-2.4417212,6.465274
-5.988492,6.301298
-3.6956463,9.421297
-5.8745575,9.41751
-4.980428,6.760539
-5.746268,7.4325027
-4.79342,7.4201026
-3.6903481,6.733412
-4.927888,9.392678
-2.4053822,9.91939
-3.7716532,7.725904
-3.051356,9.764906
-2.2335732,7.1051874
-3.897023,6.3710604
-5.8051867,7.1526093
-4.774667,8.715085
-2.6766448,9.192889
-4.1375384,7.355567
-4.791292,7.8135552
-5.194525,8.676887
-3.0011518,9.457548
-3.7512271,7.569848
-5.884554,8.823987
-2.2724648,7.5754485
-4.8754888,6.73342
-4.0186505,6.298409
-4.530773,7.256339
-2.893262,8.683981
-3.770737,9.798209
-3.0804052,7.427526
-3.234147,6.87004
-5.5958214,7.0909405
-3.8715098,9.622671
-2.415276,7.358017
-2.844366,6.753373
-2.7239676,7.5748253
-3.1814947,7.500567
-3.6652732,8.554398
-3.8247716,6.782917
-4.2999916,6.534584
-3.9035614,7.518784
-5.9133534,8.149076
-5.875305,8.596224
-4.713406,8.259274
-3.4780133,6.463499
-4.3526034,6.543344
-5.9259257,8.299092
-4.4368615,6.291746
-5.9202576,6.7481737
-2.9221485,9.005003
-3.6530938,7.095148
-4.2510376,9.025371
-5.3960867,8.4616585
-2.5602345,8.772992
-5.915516,7.2574697
-4.9619994,9.094445
-5.339305,8.412599
-3.5193567,9.73537
-4.3893466,8.799707
-4.286543,6.7616897
-3.5773354,7.88036
-4.8529687,9.913812
-2.0088003,9.72455
0.8703651,-8.015608
-0.3599517,-9.159634
-0.33779085,-6.416558
0.9704319,-6.2105355
1.7463129,-7.7849483
1.4576023,-6.622024
0.49675733,-9.830961
0.6159741,-9.284493
-0.10719352,-9.099719
-1.4331464,-6.612135
-1.424362,-6.852539
-0.62684155,-6.721461
-1.0620387,-7.238047
-0.6239179,-7.1053224
0.20089333,-8.514176
-0.16001254,-6.6156826
-0.0329234,-6.572123
1.5582788,-9.534726
-1.9884918,-9.698702
0.3043536,-6.5787024
-1.8745573,-6.5824895
-0.98042834,-9.239461
-1.7462679,-8.567497
-0.7934199,-8.579897
0.30965194,-9.266588
-0.9278879,-6.6073217
1.5946177,-6.0806103
0.2283469,-8.274096
0.94864386,-6.235094
1.7664268,-8.894813
0.102976985,-9.62894
-1.8051866,-8.84739
-0.774667,-7.284915
1.3233553,-6.807111
-0.13753863,-8.644433
-0.79129237,-8.186444
-1.1945246,-7.323113
0.9988482,-6.542452
0.24877284,-8.430152
-1.8845539,-7.176013
1.7275351,-8.424551
-0.87548876,-9.26658
-0.018650407,-9.7015915
-0.5307731,-8.743661
1.1067381,-7.3160186
0.22926302,-6.201791
0.91959476,-8.5724745
0.76585287,-9.12996
-1.5958211,-8.90906
0.12849025,-6.3773284
1.5847238,-8.641983
1.1556338,-9.246627
1.2760324,-8.425175
0.81850517,-8.499433
0.33472693,-7.4456024
0.17522837,-9.217083
-0.2999914,-9.465416
0.09643868,-8.481216
-1.9133533,-7.8509235
-1.8753052,-7.4037766
-0.71340597,-7.7407265
0.5219867,-9.536501
-0.35260358,-9.456656
-1.9259259,-7.7009077
-0.4368617,-9.708254
-1.9202578,-9.251826
1.0778515,-6.994997
0.34690624,-8.904852
-0.2510374,-6.9746294
-1.3960867,-7.538341
1.4397653,-7.227008
-1.915516,-8.742531
-0.9619995,-6.905555
-1.3393047,-7.587402
0.48064315,-6.2646303
-0.38934642,-7.2002926
-0.28654283,-9.23831
0.42266458,-8.119639
-0.8529686,-6.086188
1.9911997,-6.2754498
0.8703651,-4.015608
-0.3599517,-5.159634
-0.33779085,-2.4165578
0.9704319,-2.2105355
1.7463129,-3.7849483
1.4576023,-2.622024
0.49675733,-5.830961
0.6159741,-5.2844934
-0.10719352,-5.099719
-1.4331464,-2.6121352
-1.424362,-2.852539
-0.62684155,-2.7214608
-1.0620387,-3.238047
-0.6239179,-3.1053224
0.20089333,-4.5141764
-0.16001254,-2.6156824
-0.0329234,-2.572123
1.5582788,-5.534726
-1.9884918,-5.698702
0.3043536,-2.5787024
-1.8745573,-2.5824895
-0.98042834,-5.239461
-1.7462679,-4.5674973
-0.7934199,-4.5798974
0.30965194,-5.266588
-0.9278879,-2.6073217
1.5946177,-2.0806105
0.2283469,-4.274096
0.94864386,-2.235094
1.7664268,-4.8948126
0.102976985,-5.6289396
-1.8051866,-4.8473907
-0.774667,-3.284915
1.3233553,-2.8071108
-0.13753863,-4.644433
-0.79129237,-4.1864448
-1.1945246,-3.323113
0.9988482,-2.5424516
0.24877284,-4.430152
-1.8845539,-3.176013
1.7275351,-4.4245515
-0.87548876,-5.26658
-0.018650407,-5.701591
-0.5307731,-4.743661
1.1067381,-3.3160186
0.22926302,-2.2017908
0.91959476,-4.572474
0.76585287,-5.12996
-1.5958211,-4.9090595
0.12849025,-2.3773284
1.5847238,-4.641983
1.1556338,-5.246627
1.2760324,-4.4251747
0.81850517,-4.499433
0.33472693,-3.4456027
0.17522837,-5.217083
-0.2999914,-5.465416
0.09643868,-4.481216
-1.9133533,-3.8509233
-1.8753052,-3.4037766
-0.71340597,-3.7407267
0.5219867,-5.536501
-0.35260358,-5.456656
-1.9259259,-3.7009077
-0.4368617,-5.708254
-1.9202578,-5.2518263
1.0778515,-2.994997
0.34690624,-4.904852
-0.2510374,-2.9746294
-1.3960867,-3.538341
1.4397653,-3.2270076
-1.915516,-4.7425303
-0.9619995,-2.905555
-1.3393047,-3.5874019
0.48064315,-2.26463
-0.38934642,-3.2002926
-0.28654283,-5.2383103
0.42266458,-4.11964
-0.8529686,-2.0861878
1.9911997,-2.2754498
0.8703651,3.9843924
-0.3599517,2.840366
-0.33779085,5.583442
0.9704319,5.7894645
1.7463129,4.2150517
1.4576023,5.377976
0.49675733,2.1690388
0.6159741,2.7155066
-0.10719352,2.900281
-1.4331464,5.387865
-1.424362,5.147461
-0.62684155,5.278539
-1.0620387,4.761953
-0.6239179,4.8946776
0.20089333,3.4858234
-0.16001254,5.3843174
-0.0329234,5.427877
1.5582788,2.4652736
-1.9884918,2.3012981
0.3043536,5.4212976
-1.8745573,5.4175105
-0.98042834,2.7605393
-1.7462679,3.4325027
-0.7934199,3.4201026
0.30965194,2.7334118
-0.9278879,5.3926783
1.5946177,5.9193897
0.2283469,3.7259042
0.94864386,5.764906
1.7664268,3.1051874
0.102976985,2.3710604
-1.8051866,3.1526093
-0.774667,4.715085
1.3233553,5.192889
-0.13753863,3.355567
-0.79129237,3.8135552
-1.1945246,4.676887
0.9988482,5.457548
0.24877284,3.569848
-1.8845539,4.823987
1.7275351,3.5754485
-0.87548876,2.73342
-0.018650407,2.298409
-0.5307731,3.256339
1.1067381,4.6839814
0.22926302,5.798209
0.91959476,3.427526
0.76585287,2.87004
-1.5958211,3.0909405
0.12849025,5.6226716
1.5847238,3.3580172
1.1556338,2.7533731
1.2760324,3.574825
0.81850517,3.500567
0.33472693,4.5543976
0.17522837,2.782917
-0.2999914,2.534584
0.09643868,3.5187838
-1.9133533,4.1490765
-1.8753052,4.5962234
-0.71340597,4.2592735
0.5219867,2.463499
-0.35260358,2.543344
-1.9259259,4.2990923
-0.4368617,2.2917461
-1.9202578,2.748174
1.0778515,5.005003
0.34690624,3.0951483
-0.2510374,5.0253706
-1.3960867,4.461659
1.4397653,4.772992
-1.915516,3.2574697
-0.9619995,5.094445
-1.3393047,4.412598
0.48064315,5.7353697
-0.38934642,4.7997074
-0.28654283,2.7616897
0.42266458,3.8803604
-0.8529686,5.913812
1.9911997,5.7245502
0.8703651,7.984392
-0.3599517,6.840366
-0.33779085,9.583443
0.9704319,9.789465
1.7463129,8.215052
1.4576023,9.377975
0.49675733,6.169039
0.6159741,6.7155066
-0.10719352,6.900281
-1.4331464,9.387865
-1.424362,9.147461
-0.62684155,9.278539
-1.0620387,8.761953
-0.6239179,8.894677
0.20089333,7.4858236
-0.16001254,9.384317
-0.0329234,9.427877
1.5582788,6.465274
-1.9884918,6.301298
0.3043536,9.421297
-1.8745573,9.41751
-0.98042834,6.760539
-1.7462679,7.4325027
-0.7934199,7.4201026
0.30965194,6.733412
-0.9278879,9.392678
1.5946177,9.91939
0.2283469,7.725904
0.94864386,9.764906
1.7664268,7.1051874
0.102976985,6.3710604
-1.8051866,7.1526093
-0.774667,8.715085
1.3233553,9.192889
-0.13753863,7.355567
-0.79129237,7.8135552
-1.1945246,8.676887
0.9988482,9.457548
0.24877284,7.569848
-1.8845539,8.823987
1.7275351,7.5754485
-0.87548876,6.73342
-0.018650407,6.298409
-0.5307731,7.256339
1.1067381,8.683981
0.22926302,9.798209
0.91959476,7.427526
0.76585287,6.87004
-1.5958211,7.0909405
0.12849025,9.622671
1.5847238,7.358017
1.1556338,6.753373
1.2760324,7.5748253
0.81850517,7.500567
0.33472693,8.554398
0.17522837,6.782917
-0.2999914,6.534584
0.09643868,7.518784
-1.9133533,8.149076
-1.8753052,8.596224
-0.71340597,8.259274
0.5219867,6.463499
-0.35260358,6.543344
-1.9259259,8.299092
-0.4368617,6.291746
-1.9202578,6.7481737
1.0778515,9.005003
0.34690624,7.095148
-0.2510374,9.025371
-1.3960867,8.4616585
1.4397653,8.772992
-1.915516,7.2574697
-0.9619995,9.094445
-1.3393047,8.412599
0.48064315,9.73537
-0.38934642,8.799707
-0.28654283,6.7616897
0.42266458,7.88036
-0.8529686,9.913812
1.9911997,9.72455
4.870365,-8.015608
3.6400483,-9.159634
3.662209,-6.416558
4.970432,-6.2105355
5.746313,-7.7849483
5.4576025,-6.622024
4.4967575,-9.830961
4.615974,-9.284493
3.8928065,-9.099719
2.5668535,-6.612135
2.575638,-6.852539
3.3731585,-6.721461
2.9379613,-7.238047
3.3760822,-7.1053224
4.2008934,-8.514176
3.8399875,-6.6156826
3.9670765,-6.572123
5.558279,-9.534726
2.0115082,-9.698702
4.3043537,-6.5787024
2.1254427,-6.5824895
3.0195718,-9.239461
2.2537322,-8.567497
3.2065802,-8.579897
4.309652,-9.266588
3.072112,-6.6073217
5.594618,-6.0806103
4.228347,-8.274096
4.9486437,-6.235094
5.766427,-8.894813
4.102977,-9.62894
2.1948133,-8.84739
3.225333,-7.284915
5.323355,-6.807111
3.8624613,-8.644433
3.2087076,-8.186444
2.8054752,-7.323113
4.998848,-6.542452
4.2487726,-8.430152
2.115446,-7.176013
5.7275352,-8.424551
3.1245112,-9.26658
3.9813497,-9.7015915
3.4692268,-8.743661
5.106738,-7.3160186
4.229263,-6.201791
4.919595,-8.5724745
4.765853,-9.12996
2.4041789,-8.90906
4.1284904,-6.3773284
5.584724,-8.641983
5.155634,-9.246627
5.2760324,-8.425175
4.8185053,-8.499433
4.334727,-7.4456024
4.1752286,-9.217083
3.7000086,-9.465416
4.096439,-8.481216
2.0866466,-7.8509235
2.1246948,-7.4037766
3.286594,-7.7407265
4.521987,-9.536501
3.6473963,-9.456656
2.0740743,-7.7009077
3.5631382,-9.708254
2.0797422,-9.251826
5.0778513,-6.994997
4.346906,-8.904852
3.7489626,-6.9746294
2.6039133,-7.538341
5.4397655,-7.227008
2.084484,-8.742531
3.0380006,-6.905555
2.6606953,-7.587402
4.4806433,-6.2646303
3.6106536,-7.2002926
3.713457,-9.23831
4.4226646,-8.119639
3.1470313,-6.086188
5.9911995,-6.2754498
4.870365,-4.015608
3.6400483,-5.159634
3.662209,-2.4165578
4.970432,-2.2105355
5.746313,-3.7849483
5.4576025,-2.622024
4.4967575,-5.830961
4.615974,-5.2844934
3.8928065,-5.099719
2.5668535,-2.6121352
2.575638,-2.852539
3.3731585,-2.7214608
2.9379613,-3.238047
3.3760822,-3.1053224
4.2008934,-4.5141764
3.8399875,-2.6156824
3.9670765,-2.572123
5.558279,-5.534726
2.0115082,-5.698702
4.3043537,-2.5787024
2.1254427,-2.5824895
3.0195718,-5.239461
2.2537322,-4.5674973
3.2065802,-4.5798974
4.309652,-5.266588
3.072112,-2.6073217
5.594618,-2.0806105
4.228347,-4.274096
4.9486437,-2.235094
5.766427,-4.8948126
4.102977,-5.6289396
2.1948133,-4.8473907
3.225333,-3.284915
5.323355,-2.8071108
3.8624613,-4.644433
3.2087076,-4.1864448
2.8054752,-3.323113
4.998848,-2.5424516
4.2487726,-4.430152
2.115446,-3.176013
5.7275352,-4.4245515
3.1245112,-5.26658
3.9813497,-5.701591
3.4692268,-4.743661
5.106738,-3.3160186
4.229263,-2.2017908
4.919595,-4.572474
4.765853,-5.12996
2.4041789,-4.9090595
4.1284904,-2.3773284
5.584724,-4.641983
5.155634,-5.246627
5.2760324,-4.4251747
4.8185053,-4.499433
4.334727,-3.4456027
4.1752286,-5.217083
3.7000086,-5.465416
4.096439,-4.481216
2.0866466,-3.8509233
2.1246948,-3.4037766
3.286594,-3.7407267
4.521987,-5.536501
3.6473963,-5.456656
2.0740743,-3.7009077
3.5631382,-5.708254
2.0797422,-5.2518263
5.0778513,-2.994997
4.346906,-4.904852
3.7489626,-2.9746294
2.6039133,-3.538341
5.4397655,-3.2270076
2.084484,-4.7425303
3.0380006,-2.905555
2.6606953,-3.5874019
4.4806433,-2.26463
3.6106536,-3.2002926
3.713457,-5.2383103
4.4226646,-4.11964
3.1470313,-2.0861878
5.9911995,-2.2754498
4.870365,-0.015607697
3.6400483,-1.1596341
3.662209,1.5834423
4.970432,1.7894646
5.746313,0.21505159
5.4576025,1.377976
4.4967575,-1.8309611
4.615974,-1.2844936
3.8928065,-1.0997189
2.5668535,1.3878648
2.575638,1.147461
3.3731585,1.2785391
2.9379613,0.76195306
3.3760822,0.8946776
4.2008934,-0.5141766
3.8399875,1.3843176
3.9670765,1.4278771
5.558279,-1.5347264
2.0115082,-1.6987017
4.3043537,1.4212974
2.1254427,1.4175104
3.0195718,-1.2394607
2.2537322,-0.56749725
3.2065802,-0.5798974
4.309652,-1.2665881
3.072112,1.3926784
5.594618,1.9193895
4.228347,-0.27409583
4.9486437,1.7649059
5.766427,-0.89481246
4.102977,-1.6289396
2.1948133,-0.84739053
3.225333,0.71508497
5.323355,1.1928892
3.8624613,-0.64443296
3.2087076,-0.18644473
2.8054752,0.676887
4.998848,1.4575484
4.2487726,-0.43015185
2.115446,0.823987
5.7275352,-0.4245514
3.1245112,-1.26658
3.9813497,-1.701591
3.4692268,-0.74366105
5.106738,0.6839814
4.229263,1.7982091
4.919595,-0.57247406
4.765853,-1.1299602
2.4041789,-0.90905964
4.1284904,1.6226715
5.584724,-0.6419828
5.155634,-1.246627
5.2760324,-0.42517495
4.8185053,-0.49943298
4.334727,0.5543974
4.1752286,-1.217083
3.7000086,-1.4654161
4.096439,-0.4812161
2.0866466,0.14907667
2.1246948,0.59622335
3.286594,0.25927332
4.521987,-1.5365008
3.6473963,-1.4566561
2.0740743,0.29909226
3.5631382,-1.7082539
2.0797422,-1.251826
5.0778513,1.0050029
4.346906,-0.90485173
3.7489626,1.0253707
2.6039133,0.46165895
5.4397655,0.7729923
2.084484,-0.74253047
3.0380006,1.094445
2.6606953,0.41259822
4.4806433,1.7353699
3.6106536,0.79970735
3.713457,-1.2383103
4.4226646,-0.11963974
3.1470313,1.913812
5.9911995,1.7245501
4.870365,3.9843924
3.6400483,2.840366
3.662209,5.583442
4.970432,5.7894645
5.746313,4.2150517
5.4576025,5.377976
4.4967575,2.1690388
4.615974,2.7155066
3.8928065,2.900281
2.5668535,5.387865
2.575638,5.147461
3.3731585,5.278539
2.9379613,4.761953
3.3760822,4.8946776
4.2008934,3.4858234
3.8399875,5.3843174
3.9670765,5.427877
5.558279,2.4652736
2.0115082,2.3012981
4.3043537,5.4212976
2.1254427,5.4175105
3.0195718,2.7605393
2.2537322,3.4325027
3.2065802,3.4201026
4.309652,2.7334118
3.072112,5.3926783
5.594618,5.9193897
4.228347,3.7259042
4.9486437,5.764906
5.766427,3.1051874
4.102977,2.3710604
2.1948133,3.1526093
3.225333,4.715085
5.323355,5.192889
3.8624613,3.355567
3.2087076,3.8135552
2.8054752,4.676887
4.998848,5.457548
4.2487726,3.569848
2.115446,4.823987
5.7275352,3.5754485
3.1245112,2.73342
3.9813497,2.298409
3.4692268,3.256339
5.106738,4.6839814
4.229263,5.798209
4.919595,3.427526
4.765853,2.87004
2.4041789,3.0909405
4.1284904,5.6226716
5.584724,3.3580172
5.155634,2.7533731
5.2760324,3.574825
4.8185053,3.500567
4.334727,4.5543976
4.1752286,2.782917
3.7000086,2.534584
4.096439,3.5187838
2.0866466,4.1490765
2.1246948,4.5962234
3.286594,4.2592735
4.521987,2.463499
3.6473963,2.543344
2.0740743,4.2990923
3.5631382,2.2917461
2.0797422,2.748174
5.0778513,5.005003
4.346906,3.0951483
3.7489626,5.0253706
2.6039133,4.461659
5.4397655,4.772992
2.084484,3.2574697
3.0380006,5.094445
2.6606953,4.412598
4.4806433,5.7353697
3.6106536,4.7997074
3.713457,2.7616897
4.4226646,3.8803604
3.1470313,5.913812
5.9911995,5.7245502
4.870365,7.984392
3.6400483,6.840366
3.662209,9.583443
4.970432,9.789465
5.746313,8.215052
5.4576025,9.377975
4.4967575,6.169039
4.615974,6.7155066
3.8928065,6.900281
2.5668535,9.387865
2.575638,9.147461
3.3731585,9.278539
2.9379613,8.761953
3.3760822,8.894677
4.2008934,7.4858236
3.8399875,9.384317
3.9670765,9.427877
5.558279,6.465274
2.0115082,6.301298
4.3043537,9.421297
2.1254427,9.41751
3.0195718,6.760539
2.2537322,7.4325027
3.2065802,7.4201026
4.309652,6.733412
3.072112,9.392678
5.594618,9.91939
4.228347,7.725904
4.9486437,9.764906
5.766427,7.1051874
4.102977,6.3710604
2.1948133,7.1526093
3.225333,8.715085
5.323355,9.192889
3.8624613,7.355567
3.2087076,7.8135552
2.8054752,8.676887
4.998848,9.457548
4.2487726,7.569848
2.115446,8.823987
5.7275352,7.5754485
3.1245112,6.73342
3.9813497,6.298409
3.4692268,7.256339
5.106738,8.683981
4.229263,9.798209
4.919595,7.427526
4.765853,6.87004
2.4041789,7.0909405
4.1284904,9.622671
5.584724,7.358017
5.155634,6.753373
5.2760324,7.5748253
4.8185053,7.500567
4.334727,8.554398
4.1752286,6.782917
3.7000086,6.534584
4.096439,7.518784
2.0866466,8.149076
2.1246948,8.596224
3.286594,8.259274
4.521987,6.463499
3.6473963,6.543344
2.0740743,8.299092
3.5631382,6.291746
2.0797422,6.7481737
5.0778513,9.005003
4.346906,7.095148
3.7489626,9.025371
2.6039133,8.4616585
5.4397655,8.772992
2.084484,7.2574697
3.0380006,9.094445
2.6606953,8.412599
4.4806433,9.73537
3.6106536,8.799707
3.713457,6.7616897
4.4226646,7.88036
3.1470313,9.913812
5.9911995,9.72455
8.870365,-8.015608
7.6400485,-9.159634
7.662209,-6.416558
8.970432,-6.2105355
9.746313,-7.7849483
9.4576025,-6.622024
8.4967575,-9.830961
8.615974,-9.284493
7.8928065,-9.099719
6.5668535,-6.612135
6.575638,-6.852539
7.3731585,-6.721461
6.9379616,-7.238047
7.376082,-7.1053224
8.200893,-8.514176
7.8399873,-6.6156826
7.967077,-6.572123
9.558279,-9.534726
6.011508,-9.698702
8.304354,-6.5787024
6.1254425,-6.5824895
7.019572,-9.239461
6.253732,-8.567497
7.20658,-8.579897
8.309652,-9.266588
7.072112,-6.6073217
9.594618,-6.0806103
8.228347,-8.274096
8.948644,-6.235094
9.766427,-8.894813
8.102977,-9.62894
6.1948133,-8.84739
7.225333,-7.284915
9.323356,-6.807111
7.8624616,-8.644433
7.208708,-8.186444
6.805475,-7.323113
8.998848,-6.542452
8.248773,-8.430152
6.115446,-7.176013
9.727535,-8.424551
7.1245112,-9.26658
7.9813495,-9.7015915
7.469227,-8.743661
9.106738,-7.3160186
8.229263,-6.201791
8.919595,-8.5724745
8.765853,-9.12996
6.4041786,-8.90906
8.12849,-6.3773284
9.584723,-8.641983
9.155634,-9.246627
9.276032,-8.425175
8.818505,-8.499433
8.334727,-7.4456024
8.175228,-9.217083
7.7000084,-9.465416
8.096438,-8.481216
6.0866466,-7.8509235
6.124695,-7.4037766
7.286594,-7.7407265
8.521987,-9.536501
7.6473966,-9.456656
6.0740743,-7.7009077
7.5631385,-9.708254
6.0797424,-9.251826
9.077851,-6.994997
8.346907,-8.904852
7.7489624,-6.9746294
6.6039133,-7.538341
9.439765,-7.227008
6.084484,-8.742531
7.0380006,-6.905555
6.660695,-7.587402
8.480643,-6.2646303
7.6106534,-7.2002926
7.713457,-9.23831
8.422665,-8.119639
7.1470313,-6.086188
9.9911995,-6.2754498
8.870365,-4.015608
7.6400485,-5.159634
7.662209,-2.4165578
8.970432,-2.2105355
9.746313,-3.7849483
9.4576025,-2.622024
8.4967575,-5.830961
8.615974,-5.2844934
7.8928065,-5.099719
6.5668535,-2.6121352
6.575638,-2.852539
7.3731585,-2.7214608
6.9379616,-3.238047
7.376082,-3.1053224
8.200893,-4.5141764
7.8399873,-2.6156824
7.967077,-2.572123
9.558279,-5.534726
6.011508,-5.698702
8.304354,-2.5787024
6.1254425,-2.5824895
7.019572,-5.239461
6.253732,-4.5674973
7.20658,-4.5798974
8.309652,-5.266588
7.072112,-2.6073217
9.594618,-2.0806105
8.228347,-4.274096
8.948644,-2.235094
9.766427,-4.8948126
8.102977,-5.6289396
6.1948133,-4.8473907
7.225333,-3.284915
9.323356,-2.8071108
7.8624616,-4.644433
7.208708,-4.1864448
6.805475,-3.323113
8.998848,-2.5424516
8.248773,-4.430152
6.115446,-3.176013
9.727535,-4.4245515
7.1245112,-5.26658
7.9813495,-5.701591
7.469227,-4.743661
9.106738,-3.3160186
8.229263,-2.2017908
8.919595,-4.572474
8.765853,-5.12996
6.4041786,-4.9090595
8.12849,-2.3773284
9.584723,-4.641983
9.155634,-5.246627
9.276032,-4.4251747
8.818505,-4.499433
8.334727,-3.4456027
8.175228,-5.217083
7.7000084,-5.465416
8.096438,-4.481216
6.0866466,-3.8509233
6.124695,-3.4037766
7.286594,-3.7407267
8.521987,-5.536501
7.6473966,-5.456656
6.0740743,-3.7009077
7.5631385,-5.708254
6.0797424,-5.2518263
9.077851,-2.994997
8.346907,-4.904852
7.7489624,-2.9746294
6.6039133,-3.538341
9.439765,-3.2270076
6.084484,-4.7425303
7.0380006,-2.905555
6.660695,-3.5874019
8.480643,-2.26463
7.6106534,-3.2002926
7.713457,-5.2383103
8.422665,-4.11964
7.1470313,-2.0861878
9.9911995,-2.2754498
8.870365,-0.015607697
7.6400485,-1.1596341
7.662209,1.5834423
8.970432,1.7894646
9.746313,0.21505159
9.4576025,1.377976
8.4967575,-1.8309611
8.615974,-1.2844936
7.8928065,-1.0997189
6.5668535,1.3878648
6.575638,1.147461
7.3731585,1.2785391
6.9379616,0.76195306
7.376082,0.8946776
8.200893,-0.5141766
7.8399873,1.3843176
7.967077,1.4278771
9.558279,-1.5347264
6.011508,-1.6987017
8.304354,1.4212974
6.1254425,1.4175104
7.019572,-1.2394607
6.253732,-0.56749725
7.20658,-0.5798974
8.309652,-1.2665881
7.072112,1.3926784
9.594618,1.9193895
8.228347,-0.27409583
8.948644,1.7649059
9.766427,-0.89481246
8.102977,-1.6289396
6.1948133,-0.84739053
7.225333,0.71508497
9.323356,1.1928892
7.8624616,-0.64443296
7.208708,-0.18644473
6.805475,0.676887
8.998848,1.4575484
8.248773,-0.43015185
6.115446,0.823987
9.727535,-0.4245514
7.1245112,-1.26658
7.9813495,-1.701591
7.469227,-0.74366105
9.106738,0.6839814
8.229263,1.7982091
8.919595,-0.57247406
8.765853,-1.1299602
6.4041786,-0.90905964
8.12849,1.6226715
9.584723,-0.6419828
9.155634,-1.246627
9.276032,-0.42517495
8.818505,-0.49943298
8.334727,0.5543974
8.175228,-1.217083
7.7000084,-1.4654161
8.096438,-0.4812161
6.0866466,0.14907667
6.124695,0.59622335
7.286594,0.25927332
8.521987,-1.5365008
7.6473966,-1.4566561
6.0740743,0.29909226
7.5631385,-1.7082539
6.0797424,-1.251826
9.077851,1.0050029
8.346907,-0.90485173
7.7489624,1.0253707
6.6039133,0.46165895
9.439765,0.7729923
6.084484,-0.74253047
7.0380006,1.094445
6.660695,0.41259822
8.480643,1.7353699
7.6106534,0.79970735
7.713457,-1.2383103
8.422665,-0.11963974
7.1470313,1.913812
9.9911995,1.7245501
8.870365,3.9843924
7.6400485,2.840366
7.662209,5.583442
8.970432,5.7894645
9.746313,4.2150517
9.4576025,5.377976
8.4967575,2.1690388
8.615974,2.7155066
7.8928065,2.900281
6.5668535,5.387865
6.575638,5.147461
7.3731585,5.278539
6.9379616,4.761953
7.376082,4.8946776
8.200893,3.4858234
7.8399873,5.3843174
7.967077,5.427877
9.558279,2.4652736
6.011508,2.3012981
8.304354,5.4212976
6.1254425,5.4175105
7.019572,2.7605393
6.253732,3.4325027
7.20658,3.4201026
8.309652,2.7334118
7.072112,5.3926783
9.594618,5.9193897
8.228347,3.7259042
8.948644,5.764906
9.766427,3.1051874
8.102977,2.3710604
6.1948133,3.1526093
7.225333,4.715085
9.323356,5.192889
7.8624616,3.355567
7.208708,3.8135552
6.805475,4.676887
8.998848,5.457548
8.248773,3.569848
6.115446,4.823987
9.727535,3.5754485
7.1245112,2.73342
7.9813495,2.298409
7.469227,3.256339
9.106738,4.6839814
8.229263,5.798209
8.919595,3.427526
8.765853,2.87004
6.4041786,3.0909405
8.12849,5.6226716
9.584723,3.3580172
9.155634,2.7533731
9.276032,3.574825
8.818505,3.500567
8.334727,4.5543976
8.175228,2.782917
7.7000084,2.534584
8.096438,3.5187838
6.0866466,4.1490765
6.124695,4.5962234
7.286594,4.2592735
8.521987,2.463499
7.6473966,2.543344
6.0740743,4.2990923
7.5631385,2.2917461
6.0797424,2.748174
9.077851,5.005003
8.346907,3.0951483
7.7489624,5.0253706
6.6039133,4.461659
9.439765,4.772992
6.084484,3.2574697
7.0380006,5.094445
6.660695,4.412598
8.480643,5.7353697
7.6106534,4.7997074
7.713457,2.7616897
8.422665,3.8803604
7.1470313,5.913812
9.9911995,5.7245502
8.870365,7.984392
7.6400485,6.840366
7.662209,9.583443
8.970432,9.789465
9.746313,8.215052
9.4576025,9.377975
8.4967575,6.169039
8.615974,6.7155066
7.8928065,6.900281
6.5668535,9.387865
6.575638,9.147461
7.3731585,9.278539
6.9379616,8.761953
7.376082,8.894677
8.200893,7.4858236
7.8399873,9.384317
7.967077,9.427877
9.558279,6.465274
6.011508,6.301298
8.304354,9.421297
6.1254425,9.41751
7.019572,6.760539
6.253732,7.4325027
7.20658,7.4201026
8.309652,6.733412
7.072112,9.392678
9.594618,9.91939
8.228347,7.725904
8.948644,9.764906
9.766427,7.1051874
8.102977,6.3710604
6.1948133,7.1526093
7.225333,8.715085
9.323356,9.192889
7.8624616,7.355567
7.208708,7.8135552
6.805475,8.676887
8.998848,9.457548
8.248773,7.569848
6.115446,8.823987
9.727535,7.5754485
7.1245112,6.73342
7.9813495,6.298409
7.469227,7.256339
9.106738,8.683981
8.229263,9.798209
8.919595,7.427526
8.765853,6.87004
6.4041786,7.0909405
8.12849,9.622671
9.584723,7.358017
9.155634,6.753373
9.276032,7.5748253
8.818505,7.500567
8.334727,8.554398
8.175228,6.782917
7.7000084,6.534584
8.096438,7.518784
6.0866466,8.149076
6.124695,8.596224
7.286594,8.259274
8.521987,6.463499
7.6473966,6.543344
6.0740743,8.299092
7.5631385,6.291746
6.0797424,6.7481737
9.077851,9.005003
8.346907,7.095148
7.7489624,9.025371
6.6039133,8.4616585
9.439765,8.772992
6.084484,7.2574697
7.0380006,9.094445
6.660695,8.412599
8.480643,9.73537
7.6106534,8.799707
7.713457,6.7616897
8.422665,7.88036
7.1470313,9.913812
9.9911995,9.72455
