step,site_index,x,y,is_removed
0,0,0.8735688468975162,-0.01501590084721327,0
0,1,-0.35928784048862283,-1.1607604657658173,0
0,2,-0.3397433140134898,1.5851062199328032,0
0,3,0.9712097565407642,1.7886227221697801,0
0,4,1.748595543231818,0.2144887554599184,0
0,5,1.454276205901242,1.3770519282956397,0
0,6,0.49634544635200983,-1.8294937799716644,0
0,7,0.6153534320681504,-1.2838053798099835,0
0,8,-0.10874870655684576,-1.1021381077967747,0
0,9,-1.432202757923429,1.3848003541342462,0
0,10,-1.423100613764341,1.1472571556684814,0
0,11,-0.6260924015894389,1.2749013697819285,0
0,12,-1.0607188760237611,0.7631052646852221,0
0,13,-0.6246803381843988,0.8938105439637849,0
0,14,0.19781772261069186,-0.5052109097582318,0
0,15,-0.1637162021550691,1.3817480637386517,0
0,16,-0.027622076028718023,1.4289229898125666,0
0,17,1.5612950981647535,-1.534147120675288,0
0,18,-1.9898033084667262,-1.6951664845722902,0
0,19,0.30443226654051125,1.42379670242781,0
0,20,-1.8770728069099438,1.421847471890973,0
0,21,-0.9820497482942923,-1.240107843726539,0
0,22,-1.7479707043999415,-0.5681239371674174,0
0,23,-0.7921483929870203,-0.5822440740924475,0
0,24,0.3083605704062675,-1.2671955562288009,0
0,25,-0.9282463740840496,1.3922913621643338,0
0,26,1.5930525120620338,1.9192194249467316,0
0,27,0.22627163609910106,-0.2803928563148941,0
0,28,0.9500338672569493,1.762250362485278,0
0,29,1.7668151753024448,-0.8944274774578522,0
0,30,0.1023982880575236,-1.6267667241099497,0
0,31,-1.8061629160074175,-0.8436517699007395,0
0,32,-0.773546350155073,0.718686338813542,0
0,33,1.3221407250526012,1.1931801899079333,0
0,34,-0.13584385687801426,-0.6434055788532778,0
0,35,-0.7914846292195548,-0.18732870344114172,0
0,36,-1.1966677044174836,0.6753887314803024,0
0,37,0.9995413206421908,1.4569080795889304,0
0,38,0.24290408690688103,-0.4358077336551003,0
0,39,-1.8838503415348469,0.8193580660211635,0
0,40,1.7281969402789255,-0.4260495276377818,0
0,41,-0.8718460427578818,-1.2652369685918283,0
0,42,-0.019116432899414892,-1.699335150716717,0
0,43,-0.5305678347673748,-0.7442662865849052,0
0,44,1.1108601295832088,0.6910101983896708,0
0,45,0.22835813025976925,1.7974065215323467,0
0,46,0.9214850026065329,-0.5725548374144811,0
0,47,0.7650624183773931,-1.129041470600653,0
0,48,-1.5987351845584978,-0.9079417452429799,0
0,49,0.13261530851824288,1.623568080454156,0
0,50,1.5841950526159518,-0.6401197661261366,0
0,51,1.1571712715335138,-1.247015625518741,0
0,52,1.2773244262526333,-0.42773862407184415,0
0,53,0.8197911513391292,-0.5008337859223704,0
0,54,0.33033979295417515,0.5573967770620101,0
0,55,0.17372230048197457,-1.2188222158422417,0
0,56,-0.29983784779984735,-1.460458625827099,0
0,57,0.10388593957001335,-0.48187102895189904,0
0,58,-1.9144008929778695,0.15128020830435096,0
0,59,-1.8746686637973138,0.5958674748419805,0
0,60,-0.7127228235619376,0.26077538571729386,0
0,61,0.5207471520457134,-1.53837010491206,0
0,62,-0.34931309108439645,-1.4550842550277792,0
0,63,-1.9263673451250019,0.29883673637106956,0
0,64,-0.4374084770300142,-1.70967483296221,0
0,65,-1.9215240750959093,-1.2534335811084043,0
0,66,1.0812900909295111,1.0047259071484222,0
0,67,0.34718136253109844,-0.9027470424647888,0
0,68,-0.2532981760825179,1.0237791820543065,0
0,69,-1.3925973918405816,0.4606145189887174,0
0,70,1.436993428087931,0.7740859094786425,0
0,71,-1.9143562106187964,-0.7438977930196264,0
0,72,-0.9611669856138754,1.0930050350820086,0
0,73,-1.3420348429648037,0.4183177693919089,0
0,74,0.480603355191247,1.7331892835667193,0
0,75,-0.39317560919419403,0.8011737289844088,0
0,76,-0.2854793816293628,-1.241121931016945,0
0,77,0.42202841939618363,-0.12100514177596189,0
0,78,-0.8545211370077408,1.9141215393521898,0
0,79,1.9917906647242711,1.718039125552779,0
0,80,-7.126431153102484,-8.015015900847214,0
0,81,-8.359287840488623,-9.160760465765817,0
0,82,-8.33974331401349,-6.414893780067197,0
0,83,-7.028790243459236,-6.21137727783022,0
0,84,-6.2514044567681815,-7.785511244540082,0
0,85,-6.545723794098758,-6.622948071704361,0
0,86,-7.503654553647991,-9.829493779971664,0
0,87,-7.384646567931849,-9.283805379809984,0
0,88,-8.108748706556845,-9.102138107796774,0
0,89,-9.432202757923429,-6.615199645865754,0
0,90,-9.42310061376434,-6.852742844331519,0
0,91,-8.626092401589439,-6.7250986302180715,0
0,92,-9.060718876023762,-7.2368947353147774,0
0,93,-8.6246803381844,-7.1061894560362155,0
0,94,-7.802182277389308,-8.505210909758231,0
0,95,-8.163716202155069,-6.618251936261348,0
0,96,-8.027622076028718,-6.571077010187434,0
0,97,-6.438704901835246,-9.534147120675287,0
0,98,-9.989803308466726,-9.69516648457229,0
0,99,-7.695567733459489,-6.5762032975721905,0
0,100,-9.877072806909943,-6.578152528109027,0
0,101,-8.982049748294292,-9.24010784372654,0
0,102,-9.747970704399942,-8.568123937167417,0
0,103,-8.79214839298702,-8.582244074092447,0
0,104,-7.6916394295937325,-9.2671955562288,0
0,105,-8.92824637408405,-6.607708637835666,0
0,106,-6.406947487937966,-6.080780575053268,0
0,107,-7.773728363900899,-8.280392856314894,0
0,108,-7.049966132743051,-6.237749637514722,0
0,109,-6.233184824697555,-8.894427477457853,0
0,110,-7.897601711942476,-9.626766724109949,0
0,111,-9.806162916007418,-8.84365176990074,0
0,112,-8.773546350155073,-7.2813136611864575,0
0,113,-6.677859274947399,-6.806819810092067,0
0,114,-8.135843856878015,-8.643405578853278,0
0,115,-8.791484629219555,-8.187328703441143,0
0,116,-9.196667704417484,-7.324611268519698,0
0,117,-7.000458679357809,-6.54309192041107,0
0,118,-7.757095913093119,-8.4358077336551,0
0,119,-9.883850341534847,-7.180641933978837,0
0,120,-6.2718030597210745,-8.426049527637781,0
0,121,-8.871846042757882,-9.265236968591829,0
0,122,-8.019116432899414,-9.699335150716717,0
0,123,-8.530567834767375,-8.744266286584905,0
0,124,-6.889139870416791,-7.308989801610329,0
0,125,-7.771641869740231,-6.202593478467653,0
0,126,-7.078514997393468,-8.572554837414481,0
0,127,-7.2349375816226065,-9.129041470600653,0
0,128,-9.598735184558498,-8.90794174524298,0
0,129,-7.867384691481757,-6.376431919545844,0
0,130,-6.415804947384048,-8.640119766126137,0
0,131,-6.842828728466486,-9.247015625518742,0
0,132,-6.722675573747367,-8.427738624071845,0
0,133,-7.180208848660871,-8.50083378592237,0
0,134,-7.669660207045824,-7.44260322293799,0
0,135,-7.826277699518025,-9.218822215842241,0
0,136,-8.299837847799846,-9.4604586258271,0
0,137,-7.896114060429987,-8.481871028951899,0
0,138,-9.91440089297787,-7.848719791695649,0
0,139,-9.874668663797314,-7.404132525158019,0
0,140,-8.712722823561938,-7.739224614282707,0
0,141,-7.479252847954287,-9.53837010491206,0
0,142,-8.349313091084397,-9.45508425502778,0
0,143,-9.926367345125001,-7.7011632636289304,0
0,144,-8.437408477030015,-9.709674832962211,0
0,145,-9.92152407509591,-9.253433581108403,0
0,146,-6.918709909070489,-6.995274092851577,0
0,147,-7.652818637468902,-8.902747042464789,0
0,148,-8.253298176082518,-6.976220817945693,0
0,149,-9.392597391840582,-7.539385481011283,0
0,150,-6.563006571912069,-7.225914090521357,0
0,151,-9.914356210618797,-8.743897793019627,0
0,152,-8.961166985613875,-6.906994964917992,0
0,153,-9.342034842964804,-7.5816822306080915,0
0,154,-7.519396644808753,-6.26681071643328,0
0,155,-8.393175609194195,-7.198826271015591,0
0,156,-8.285479381629363,-9.241121931016945,0
0,157,-7.577971580603816,-8.121005141775962,0
0,158,-8.85452113700774,-6.085878460647811,0
0,159,-6.008209335275729,-6.281960874447221,0
0,160,-7.126431153102484,-4.015015900847214,0
0,161,-8.359287840488623,-5.160760465765817,0
0,162,-8.33974331401349,-2.414893780067197,0
0,163,-7.028790243459236,-2.21137727783022,0
0,164,-6.2514044567681815,-3.7855112445400816,0
0,165,-6.545723794098758,-2.6229480717043603,0
0,166,-7.503654553647991,-5.829493779971664,0
0,167,-7.384646567931849,-5.2838053798099835,0
0,168,-8.108748706556845,-5.102138107796774,0
0,169,-9.432202757923429,-2.615199645865754,0
0,170,-9.42310061376434,-2.8527428443315186,0
0,171,-8.626092401589439,-2.7250986302180715,0
0,172,-9.060718876023762,-3.236894735314778,0
0,173,-8.6246803381844,-3.106189456036215,0
0,174,-7.802182277389308,-4.505210909758231,0
0,175,-8.163716202155069,-2.6182519362613483,0
0,176,-8.027622076028718,-2.5710770101874334,0
0,177,-6.438704901835246,-5.5341471206752875,0
0,178,-9.989803308466726,-5.69516648457229,0
0,179,-7.695567733459489,-2.57620329757219,0
0,180,-9.877072806909943,-2.578152528109027,0
0,181,-8.982049748294292,-5.240107843726539,0
0,182,-9.747970704399942,-4.568123937167417,0
0,183,-8.79214839298702,-4.582244074092447,0
0,184,-7.6916394295937325,-5.267195556228801,0
0,185,-8.92824637408405,-2.607708637835666,0
0,186,-6.406947487937966,-2.0807805750532684,0
0,187,-7.773728363900899,-4.280392856314894,0
0,188,-7.049966132743051,-2.237749637514722,0
0,189,-6.233184824697555,-4.894427477457852,0
0,190,-7.897601711942476,-5.62676672410995,0
0,191,-9.806162916007418,-4.84365176990074,0
0,192,-8.773546350155073,-3.281313661186458,0
0,193,-6.677859274947399,-2.8068198100920667,0
0,194,-8.135843856878015,-4.643405578853278,0
0,195,-8.791484629219555,-4.187328703441142,0
0,196,-9.196667704417484,-3.3246112685196976,0
0,197,-7.000458679357809,-2.5430919204110696,0
0,198,-7.757095913093119,-4.4358077336551,0
0,199,-9.883850341534847,-3.1806419339788365,0
0,200,-6.2718030597210745,-4.426049527637781,0
0,201,-8.871846042757882,-5.265236968591829,0
0,202,-8.019116432899414,-5.699335150716717,0
0,203,-8.530567834767375,-4.744266286584905,0
0,204,-6.889139870416791,-3.308989801610329,0
0,205,-7.771641869740231,-2.2025934784676533,0
0,206,-7.078514997393468,-4.572554837414481,0
0,207,-7.2349375816226065,-5.129041470600653,0
0,208,-9.598735184558498,-4.907941745242979,0
0,209,-7.867384691481757,-2.376431919545844,0
0,210,-6.415804947384048,-4.640119766126137,0
0,211,-6.842828728466486,-5.247015625518741,0
0,212,-6.722675573747367,-4.427738624071845,0
0,213,-7.180208848660871,-4.500833785922371,0
0,214,-7.669660207045824,-3.44260322293799,0
0,215,-7.826277699518025,-5.218822215842241,0
0,216,-8.299837847799846,-5.4604586258270995,0
0,217,-7.896114060429987,-4.481871028951899,0
0,218,-9.91440089297787,-3.848719791695649,0
0,219,-9.874668663797314,-3.4041325251580195,0
0,220,-8.712722823561938,-3.739224614282706,0
0,221,-7.479252847954287,-5.53837010491206,0
0,222,-8.349313091084397,-5.45508425502778,0
0,223,-9.926367345125001,-3.7011632636289304,0
0,224,-8.437408477030015,-5.70967483296221,0
0,225,-9.92152407509591,-5.253433581108404,0
0,226,-6.918709909070489,-2.9952740928515778,0
0,227,-7.652818637468902,-4.902747042464789,0
0,228,-8.253298176082518,-2.9762208179456935,0
0,229,-9.392597391840582,-3.5393854810112826,0
0,230,-6.563006571912069,-3.2259140905213575,0
0,231,-9.914356210618797,-4.743897793019626,0
0,232,-8.961166985613875,-2.9069949649179914,0
0,233,-9.342034842964804,-3.581682230608091,0
0,234,-7.519396644808753,-2.2668107164332807,0
0,235,-8.393175609194195,-3.1988262710155912,0
0,236,-8.285479381629363,-5.241121931016945,0
0,237,-7.577971580603816,-4.121005141775962,0
0,238,-8.85452113700774,-2.0858784606478102,0
0,239,-6.008209335275729,-2.281960874447221,0
0,240,-7.126431153102484,-0.01501590084721327,0
0,241,-8.359287840488623,-1.1607604657658173,0
0,242,-8.33974331401349,1.5851062199328032,0
0,243,-7.028790243459236,1.7886227221697801,0
0,244,-6.2514044567681815,0.2144887554599184,0
0,245,-6.545723794098758,1.3770519282956397,0
0,246,-7.503654553647991,-1.8294937799716644,0
0,247,-7.384646567931849,-1.2838053798099835,0
0,248,-8.108748706556845,-1.1021381077967747,0
0,249,-9.432202757923429,1.3848003541342462,0
0,250,-9.42310061376434,1.1472571556684814,0
0,251,-8.626092401589439,1.2749013697819285,0
0,252,-9.060718876023762,0.7631052646852221,0
0,253,-8.6246803381844,0.8938105439637849,0
0,254,-7.802182277389308,-0.5052109097582318,0
0,255,-8.163716202155069,1.3817480637386517,0
0,256,-8.027622076028718,1.4289229898125666,0
0,257,-6.438704901835246,-1.534147120675288,0
0,258,-9.989803308466726,-1.6951664845722902,0
0,259,-7.695567733459489,1.42379670242781,0
0,260,-9.877072806909943,1.421847471890973,0
0,261,-8.982049748294292,-1.240107843726539,0
0,262,-9.747970704399942,-0.5681239371674174,0
0,263,-8.79214839298702,-0.5822440740924475,0
0,264,-7.6916394295937325,-1.2671955562288009,0
0,265,-8.92824637408405,1.3922913621643338,0
0,266,-6.406947487937966,1.9192194249467316,0
0,267,-7.773728363900899,-0.2803928563148941,0
0,268,-7.049966132743051,1.762250362485278,0
0,269,-6.233184824697555,-0.8944274774578522,0
0,270,-7.897601711942476,-1.6267667241099497,0
0,271,-9.806162916007418,-0.8436517699007395,0
0,272,-8.773546350155073,0.718686338813542,0
0,273,-6.677859274947399,1.1931801899079333,0
0,274,-8.135843856878015,-0.6434055788532778,0
0,275,-8.791484629219555,-0.18732870344114172,0
0,276,-9.196667704417484,0.6753887314803024,0
0,277,-7.000458679357809,1.4569080795889304,0
0,278,-7.757095913093119,-0.4358077336551003,0
0,279,-9.883850341534847,0.8193580660211635,0
0,280,-6.2718030597210745,-0.4260495276377818,0
0,281,-8.871846042757882,-1.2652369685918283,0
0,282,-8.019116432899414,-1.699335150716717,0
0,283,-8.530567834767375,-0.7442662865849052,0
0,284,-6.889139870416791,0.6910101983896708,0
0,285,-7.771641869740231,1.7974065215323467,0
0,286,-7.078514997393468,-0.5725548374144811,0
0,287,-7.2349375816226065,-1.129041470600653,0
0,288,-9.598735184558498,-0.9079417452429799,0
0,289,-7.867384691481757,1.623568080454156,0
0,290,-6.415804947384048,-0.6401197661261366,0
0,291,-6.842828728466486,-1.247015625518741,0
0,292,-6.722675573747367,-0.42773862407184415,0
0,293,-7.180208848660871,-0.5008337859223704,0
0,294,-7.669660207045824,0.5573967770620101,0
0,295,-7.826277699518025,-1.2188222158422417,0
0,296,-8.299837847799846,-1.460458625827099,0
0,297,-7.896114060429987,-0.48187102895189904,0
0,298,-9.91440089297787,0.15128020830435096,0
0,299,-9.874668663797314,0.5958674748419805,0
0,300,-8.712722823561938,0.26077538571729386,0
0,301,-7.479252847954287,-1.53837010491206,0
0,302,-8.349313091084397,-1.4550842550277792,0
0,303,-9.926367345125001,0.29883673637106956,0
0,304,-8.437408477030015,-1.70967483296221,0
0,305,-9.92152407509591,-1.2534335811084043,0
0,306,-6.918709909070489,1.0047259071484222,0
0,307,-7.652818637468902,-0.9027470424647888,0
0,308,-8.253298176082518,1.0237791820543065,0
0,309,-9.392597391840582,0.4606145189887174,0
0,310,-6.563006571912069,0.7740859094786425,0
0,311,-9.914356210618797,-0.7438977930196264,0
0,312,-8.961166985613875,1.0930050350820086,0
0,313,-9.342034842964804,0.4183177693919089,0
0,314,-7.519396644808753,1.7331892835667193,0
0,315,-8.393175609194195,0.8011737289844088,0
0,316,-8.285479381629363,-1.241121931016945,0
0,317,-7.577971580603816,-0.12100514177596189,0
0,318,-8.85452113700774,1.9141215393521898,0
0,319,-6.008209335275729,1.718039125552779,0
0,320,-7.126431153102484,3.9849840991527867,0
0,321,-8.359287840488623,2.8392395342341827,0
0,322,-8.33974331401349,5.585106219932803,0
0,323,-7.028790243459236,5.78862272216978,0
0,324,-6.2514044567681815,4.214488755459918,0
0,325,-6.545723794098758,5.377051928295639,0
0,326,-7.503654553647991,2.1705062200283356,0
0,327,-7.384646567931849,2.7161946201900165,0
0,328,-8.108748706556845,2.8978618922032253,0
0,329,-9.432202757923429,5.384800354134246,0
0,330,-9.42310061376434,5.147257155668481,0
0,331,-8.626092401589439,5.2749013697819285,0
0,332,-9.060718876023762,4.7631052646852226,0
0,333,-8.6246803381844,4.8938105439637845,0
0,334,-7.802182277389308,3.494789090241768,0
0,335,-8.163716202155069,5.381748063738652,0
0,336,-8.027622076028718,5.428922989812566,0
0,337,-6.438704901835246,2.465852879324712,0
0,338,-9.989803308466726,2.3048335154277098,0
0,339,-7.695567733459489,5.4237967024278095,0
0,340,-9.877072806909943,5.421847471890973,0
0,341,-8.982049748294292,2.759892156273461,0
0,342,-9.747970704399942,3.4318760628325826,0
0,343,-8.79214839298702,3.4177559259075525,0
0,344,-7.6916394295937325,2.732804443771199,0
0,345,-8.92824637408405,5.392291362164334,0
0,346,-6.406947487937966,5.919219424946732,0
0,347,-7.773728363900899,3.719607143685106,0
0,348,-7.049966132743051,5.762250362485278,0
0,349,-6.233184824697555,3.1055725225421478,0
0,350,-7.897601711942476,2.3732332758900503,0
0,351,-9.806162916007418,3.1563482300992605,0
0,352,-8.773546350155073,4.7186863388135425,0
0,353,-6.677859274947399,5.193180189907933,0
0,354,-8.135843856878015,3.3565944211467222,0
0,355,-8.791484629219555,3.8126712965588583,0
0,356,-9.196667704417484,4.675388731480302,0
0,357,-7.000458679357809,5.45690807958893,0
0,358,-7.757095913093119,3.5641922663448997,0
0,359,-9.883850341534847,4.819358066021163,0
0,360,-6.2718030597210745,3.573950472362218,0
0,361,-8.871846042757882,2.7347630314081717,0
0,362,-8.019116432899414,2.300664849283283,0
0,363,-8.530567834767375,3.2557337134150948,0
0,364,-6.889139870416791,4.691010198389671,0
0,365,-7.771641869740231,5.797406521532347,0
0,366,-7.078514997393468,3.427445162585519,0
0,367,-7.2349375816226065,2.870958529399347,0
0,368,-9.598735184558498,3.09205825475702,0
0,369,-7.867384691481757,5.623568080454156,0
0,370,-6.415804947384048,3.3598802338738634,0
0,371,-6.842828728466486,2.752984374481259,0
0,372,-6.722675573747367,3.572261375928156,0
0,373,-7.180208848660871,3.4991662140776296,0
0,374,-7.669660207045824,4.55739677706201,0
0,375,-7.826277699518025,2.7811777841577583,0
0,376,-8.299837847799846,2.539541374172901,0
0,377,-7.896114060429987,3.518128971048101,0
0,378,-9.91440089297787,4.151280208304351,0
0,379,-9.874668663797314,4.595867474841981,0
0,380,-8.712722823561938,4.260775385717293,0
0,381,-7.479252847954287,2.46162989508794,0
0,382,-8.349313091084397,2.544915744972221,0
0,383,-9.926367345125001,4.2988367363710696,0
0,384,-8.437408477030015,2.29032516703779,0
0,385,-9.92152407509591,2.7465664188915957,0
0,386,-6.918709909070489,5.004725907148423,0
0,387,-7.652818637468902,3.0972529575352112,0
0,388,-8.253298176082518,5.023779182054307,0
0,389,-9.392597391840582,4.460614518988717,0
0,390,-6.563006571912069,4.774085909478643,0
0,391,-9.914356210618797,3.2561022069803736,0
0,392,-8.961166985613875,5.093005035082008,0
0,393,-9.342034842964804,4.4183177693919085,0
0,394,-7.519396644808753,5.73318928356672,0
0,395,-8.393175609194195,4.801173728984409,0
0,396,-8.285479381629363,2.758878068983055,0
0,397,-7.577971580603816,3.878994858224038,0
0,398,-8.85452113700774,5.914121539352189,0
0,399,-6.008209335275729,5.718039125552779,0
0,400,-7.126431153102484,7.984984099152786,0
0,401,-8.359287840488623,6.839239534234183,0
0,402,-8.33974331401349,9.585106219932804,0
0,403,-7.028790243459236,9.78862272216978,0
0,404,-6.2514044567681815,8.214488755459918,0
0,405,-6.545723794098758,9.37705192829564,0
0,406,-7.503654553647991,6.170506220028336,0
0,407,-7.384646567931849,6.7161946201900165,0
0,408,-8.108748706556845,6.897861892203226,0
0,409,-9.432202757923429,9.384800354134246,0
0,410,-9.42310061376434,9.14725715566848,0
0,411,-8.626092401589439,9.27490136978193,0
0,412,-9.060718876023762,8.763105264685223,0
0,413,-8.6246803381844,8.893810543963784,0
0,414,-7.802182277389308,7.494789090241769,0
0,415,-8.163716202155069,9.381748063738652,0
0,416,-8.027622076028718,9.428922989812566,0
0,417,-6.438704901835246,6.4658528793247125,0
0,418,-9.989803308466726,6.30483351542771,0
0,419,-7.695567733459489,9.42379670242781,0
0,420,-9.877072806909943,9.421847471890974,0
0,421,-8.982049748294292,6.759892156273461,0
0,422,-9.747970704399942,7.431876062832583,0
0,423,-8.79214839298702,7.417755925907553,0
0,424,-7.6916394295937325,6.732804443771199,0
0,425,-8.92824637408405,9.392291362164334,0
0,426,-6.406947487937966,9.919219424946732,0
0,427,-7.773728363900899,7.719607143685106,0
0,428,-7.049966132743051,9.762250362485279,0
0,429,-6.233184824697555,7.105572522542148,0
0,430,-7.897601711942476,6.37323327589005,0
0,431,-9.806162916007418,7.15634823009926,0
0,432,-8.773546350155073,8.718686338813542,0
0,433,-6.677859274947399,9.193180189907933,0
0,434,-8.135843856878015,7.356594421146722,0
0,435,-8.791484629219555,7.812671296558858,0
0,436,-9.196667704417484,8.675388731480302,0
0,437,-7.000458679357809,9.456908079588931,0
0,438,-7.757095913093119,7.5641922663449,0
0,439,-9.883850341534847,8.819358066021163,0
0,440,-6.2718030597210745,7.573950472362219,0
0,441,-8.871846042757882,6.734763031408171,0
0,442,-8.019116432899414,6.300664849283283,0
0,443,-8.530567834767375,7.255733713415095,0
0,444,-6.889139870416791,8.691010198389671,0
0,445,-7.771641869740231,9.797406521532347,0
0,446,-7.078514997393468,7.427445162585519,0
0,447,-7.2349375816226065,6.870958529399347,0
0,448,-9.598735184558498,7.092058254757021,0
0,449,-7.867384691481757,9.623568080454156,0
0,450,-6.415804947384048,7.359880233873863,0
0,451,-6.842828728466486,6.752984374481259,0
0,452,-6.722675573747367,7.572261375928155,0
0,453,-7.180208848660871,7.499166214077629,0
0,454,-7.669660207045824,8.55739677706201,0
0,455,-7.826277699518025,6.781177784157759,0
0,456,-8.299837847799846,6.5395413741729005,0
0,457,-7.896114060429987,7.518128971048101,0
0,458,-9.91440089297787,8.151280208304351,0
0,459,-9.874668663797314,8.595867474841981,0
0,460,-8.712722823561938,8.260775385717293,0
0,461,-7.479252847954287,6.46162989508794,0
0,462,-8.349313091084397,6.54491574497222,0
0,463,-9.926367345125001,8.298836736371069,0
0,464,-8.437408477030015,6.29032516703779,0
0,465,-9.92152407509591,6.746566418891596,0
0,466,-6.918709909070489,9.004725907148423,0
0,467,-7.652818637468902,7.097252957535211,0
0,468,-8.253298176082518,9.023779182054307,0
0,469,-9.392597391840582,8.460614518988717,0
0,470,-6.563006571912069,8.774085909478643,0
0,471,-9.914356210618797,7.256102206980374,0
0,472,-8.961166985613875,9.093005035082008,0
0,473,-9.342034842964804,8.418317769391908,0
0,474,-7.519396644808753,9.73318928356672,0
0,475,-8.393175609194195,8.80117372898441,0
0,476,-8.285479381629363,6.758878068983055,0
0,477,-7.577971580603816,7.878994858224038,0
0,478,-8.85452113700774,9.91412153935219,0
0,479,-6.008209335275729,9.718039125552778,0
0,480,-3.1264311531024838,-8.015015900847214,0
0,481,-4.359287840488623,-9.160760465765817,0
0,482,-4.339743314013489,-6.414893780067197,0
0,483,-3.0287902434592358,-6.21137727783022,0
0,484,-2.251404456768182,-7.785511244540082,0
0,485,-2.545723794098758,-6.622948071704361,0
0,486,-3.50365455364799,-9.829493779971664,0
0,487,-3.3846465679318496,-9.283805379809984,0
0,488,-4.108748706556845,-9.102138107796774,0
0,489,-5.432202757923429,-6.615199645865754,0
0,490,-5.4231006137643405,-6.852742844331519,0
0,491,-4.626092401589439,-6.7250986302180715,0
0,492,-5.060718876023762,-7.2368947353147774,0
0,493,-4.624680338184399,-7.1061894560362155,0
0,494,-3.802182277389308,-8.505210909758231,0
0,495,-4.163716202155069,-6.618251936261348,0
0,496,-4.0276220760287185,-6.571077010187434,0
0,497,-2.4387049018352465,-9.534147120675287,0
0,498,-5.989803308466726,-9.69516648457229,0
0,499,-3.6955677334594887,-6.5762032975721905,0
0,500,-5.877072806909943,-6.578152528109027,0
0,501,-4.982049748294292,-9.24010784372654,0
0,502,-5.7479707043999415,-8.568123937167417,0
0,503,-4.79214839298702,-8.582244074092447,0
0,504,-3.6916394295937325,-9.2671955562288,0
0,505,-4.92824637408405,-6.607708637835666,0
0,506,-2.406947487937966,-6.080780575053268,0
0,507,-3.773728363900899,-8.280392856314894,0
0,508,-3.0499661327430507,-6.237749637514722,0
0,509,-2.233184824697555,-8.894427477457853,0
0,510,-3.8976017119424764,-9.626766724109949,0
0,511,-5.806162916007418,-8.84365176990074,0
0,512,-4.773546350155073,-7.2813136611864575,0
0,513,-2.677859274947399,-6.806819810092067,0
0,514,-4.135843856878014,-8.643405578853278,0
0,515,-4.791484629219555,-8.187328703441143,0
0,516,-5.196667704417484,-7.324611268519698,0
0,517,-3.000458679357809,-6.54309192041107,0
0,518,-3.757095913093119,-8.4358077336551,0
0,519,-5.883850341534847,-7.180641933978837,0
0,520,-2.2718030597210745,-8.426049527637781,0
0,521,-4.871846042757882,-9.265236968591829,0
0,522,-4.0191164328994144,-9.699335150716717,0
0,523,-4.530567834767375,-8.744266286584905,0
0,524,-2.889139870416791,-7.308989801610329,0
0,525,-3.7716418697402307,-6.202593478467653,0
0,526,-3.078514997393467,-8.572554837414481,0
0,527,-3.234937581622607,-9.129041470600653,0
0,528,-5.598735184558498,-8.90794174524298,0
0,529,-3.867384691481757,-6.376431919545844,0
0,530,-2.415804947384048,-8.640119766126137,0
0,531,-2.842828728466486,-9.247015625518742,0
0,532,-2.7226755737473667,-8.427738624071845,0
0,533,-3.180208848660871,-8.50083378592237,0
0,534,-3.669660207045825,-7.44260322293799,0
0,535,-3.8262776995180254,-9.218822215842241,0
0,536,-4.299837847799847,-9.4604586258271,0
0,537,-3.8961140604299866,-8.481871028951899,0
0,538,-5.91440089297787,-7.848719791695649,0
0,539,-5.874668663797314,-7.404132525158019,0
0,540,-4.712722823561938,-7.739224614282707,0
0,541,-3.4792528479542866,-9.53837010491206,0
0,542,-4.3493130910843965,-9.45508425502778,0
0,543,-5.926367345125001,-7.7011632636289304,0
0,544,-4.437408477030014,-9.709674832962211,0
0,545,-5.92152407509591,-9.253433581108403,0
0,546,-2.918709909070489,-6.995274092851577,0
0,547,-3.6528186374689016,-8.902747042464789,0
0,548,-4.253298176082518,-6.976220817945693,0
0,549,-5.392597391840582,-7.539385481011283,0
0,550,-2.563006571912069,-7.225914090521357,0
0,551,-5.914356210618797,-8.743897793019627,0
0,552,-4.961166985613875,-6.906994964917992,0
0,553,-5.342034842964804,-7.5816822306080915,0
0,554,-3.519396644808753,-6.26681071643328,0
0,555,-4.393175609194194,-7.198826271015591,0
0,556,-4.285479381629363,-9.241121931016945,0
0,557,-3.5779715806038164,-8.121005141775962,0
0,558,-4.85452113700774,-6.085878460647811,0
0,559,-2.008209335275729,-6.281960874447221,0
0,560,-3.1264311531024838,-4.015015900847214,0
0,561,-4.359287840488623,-5.160760465765817,0
0,562,-4.339743314013489,-2.414893780067197,0
0,563,-3.0287902434592358,-2.21137727783022,0
0,564,-2.251404456768182,-3.7855112445400816,0
0,565,-2.545723794098758,-2.6229480717043603,0
0,566,-3.50365455364799,-5.829493779971664,0
0,567,-3.3846465679318496,-5.2838053798099835,0
0,568,-4.108748706556845,-5.102138107796774,0
0,569,-5.432202757923429,-2.615199645865754,0
0,570,-5.4231006137643405,-2.8527428443315186,0
0,571,-4.626092401589439,-2.7250986302180715,0
0,572,-5.060718876023762,-3.236894735314778,0
0,573,-4.624680338184399,-3.106189456036215,0
0,574,-3.802182277389308,-4.505210909758231,0
0,575,-4.163716202155069,-2.6182519362613483,0
0,576,-4.0276220760287185,-2.5710770101874334,0
0,577,-2.4387049018352465,-5.5341471206752875,0
0,578,-5.989803308466726,-5.69516648457229,0
0,579,-3.6955677334594887,-2.57620329757219,0
0,580,-5.877072806909943,-2.578152528109027,0
0,581,-4.982049748294292,-5.240107843726539,0
0,582,-5.7479707043999415,-4.568123937167417,0
0,583,-4.79214839298702,-4.582244074092447,0
0,584,-3.6916394295937325,-5.267195556228801,0
0,585,-4.92824637408405,-2.607708637835666,0
0,586,-2.406947487937966,-2.0807805750532684,0
0,587,-3.773728363900899,-4.280392856314894,0
0,588,-3.0499661327430507,-2.237749637514722,0
0,589,-2.233184824697555,-4.894427477457852,0
0,590,-3.8976017119424764,-5.62676672410995,0
0,591,-5.806162916007418,-4.84365176990074,0
0,592,-4.773546350155073,-3.281313661186458,0
0,593,-2.677859274947399,-2.8068198100920667,0
0,594,-4.135843856878014,-4.643405578853278,0
0,595,-4.791484629219555,-4.187328703441142,0
0,596,-5.196667704417484,-3.3246112685196976,0
0,597,-3.000458679357809,-2.5430919204110696,0
0,598,-3.757095913093119,-4.4358077336551,0
0,599,-5.883850341534847,-3.1806419339788365,0
0,600,-2.2718030597210745,-4.426049527637781,0
0,601,-4.871846042757882,-5.265236968591829,0
0,602,-4.0191164328994144,-5.699335150716717,0
0,603,-4.530567834767375,-4.744266286584905,0
0,604,-2.889139870416791,-3.308989801610329,0
0,605,-3.7716418697402307,-2.2025934784676533,0
0,606,-3.078514997393467,-4.572554837414481,0
0,607,-3.234937581622607,-5.129041470600653,0
0,608,-5.598735184558498,-4.907941745242979,0
0,609,-3.867384691481757,-2.376431919545844,0
0,610,-2.415804947384048,-4.640119766126137,0
0,611,-2.842828728466486,-5.247015625518741,0
0,612,-2.7226755737473667,-4.427738624071845,0
0,613,-3.180208848660871,-4.500833785922371,0
0,614,-3.669660207045825,-3.44260322293799,0
0,615,-3.8262776995180254,-5.218822215842241,0
0,616,-4.299837847799847,-5.4604586258270995,0
0,617,-3.8961140604299866,-4.481871028951899,0
0,618,-5.91440089297787,-3.848719791695649,0
0,619,-5.874668663797314,-3.4041325251580195,0
0,620,-4.712722823561938,-3.739224614282706,0
0,621,-3.4792528479542866,-5.53837010491206,0
0,622,-4.3493130910843965,-5.45508425502778,0
0,623,-5.926367345125001,-3.7011632636289304,0
0,624,-4.437408477030014,-5.70967483296221,0
0,625,-5.92152407509591,-5.253433581108404,0
0,626,-2.918709909070489,-2.9952740928515778,0
0,627,-3.6528186374689016,-4.902747042464789,0
0,628,-4.253298176082518,-2.9762208179456935,0
0,629,-5.392597391840582,-3.5393854810112826,0
0,630,-2.563006571912069,-3.2259140905213575,0
0,631,-5.914356210618797,-4.743897793019626,0
0,632,-4.961166985613875,-2.9069949649179914,0
0,633,-5.342034842964804,-3.581682230608091,0
0,634,-3.519396644808753,-2.2668107164332807,0
0,635,-4.393175609194194,-3.1988262710155912,0
0,636,-4.285479381629363,-5.241121931016945,0
0,637,-3.5779715806038164,-4.121005141775962,0
0,638,-4.85452113700774,-2.0858784606478102,0
0,639,-2.008209335275729,-2.281960874447221,0
0,640,-3.1264311531024838,-0.01501590084721327,0
0,641,-4.359287840488623,-1.1607604657658173,0
0,642,-4.339743314013489,1.5851062199328032,0
0,643,-3.0287902434592358,1.7886227221697801,0
0,644,-2.251404456768182,0.2144887554599184,0
0,645,-2.545723794098758,1.3770519282956397,0
0,646,-3.50365455364799,-1.8294937799716644,0
0,647,-3.3846465679318496,-1.2838053798099835,0
0,648,-4.108748706556845,-1.1021381077967747,0
0,649,-5.432202757923429,1.3848003541342462,0
0,650,-5.4231006137643405,1.1472571556684814,0
0,651,-4.626092401589439,1.2749013697819285,0
0,652,-5.060718876023762,0.7631052646852221,0
0,653,-4.624680338184399,0.8938105439637849,0
0,654,-3.802182277389308,-0.5052109097582318,0
0,655,-4.163716202155069,1.3817480637386517,0
0,656,-4.0276220760287185,1.4289229898125666,0
0,657,-2.4387049018352465,-1.534147120675288,0
0,658,-5.989803308466726,-1.6951664845722902,0
0,659,-3.6955677334594887,1.42379670242781,0
0,660,-5.877072806909943,1.421847471890973,0
0,661,-4.982049748294292,-1.240107843726539,0
0,662,-5.7479707043999415,-0.5681239371674174,0
0,663,-4.79214839298702,-0.5822440740924475,0
0,664,-3.6916394295937325,-1.2671955562288009,0
0,665,-4.92824637408405,1.3922913621643338,0
0,666,-2.406947487937966,1.9192194249467316,0
0,667,-3.773728363900899,-0.2803928563148941,0
0,668,-3.0499661327430507,1.762250362485278,0
0,669,-2.233184824697555,-0.8944274774578522,0
0,670,-3.8976017119424764,-1.6267667241099497,0
0,671,-5.806162916007418,-0.8436517699007395,0
0,672,-4.773546350155073,0.718686338813542,0
0,673,-2.677859274947399,1.1931801899079333,0
0,674,-4.135843856878014,-0.6434055788532778,0
0,675,-4.791484629219555,-0.18732870344114172,0
0,676,-5.196667704417484,0.6753887314803024,0
0,677,-3.000458679357809,1.4569080795889304,0
0,678,-3.757095913093119,-0.4358077336551003,0
0,679,-5.883850341534847,0.8193580660211635,0
0,680,-2.2718030597210745,-0.4260495276377818,0
0,681,-4.871846042757882,-1.2652369685918283,0
0,682,-4.0191164328994144,-1.699335150716717,0
0,683,-4.530567834767375,-0.7442662865849052,0
0,684,-2.889139870416791,0.6910101983896708,0
0,685,-3.7716418697402307,1.7974065215323467,0
0,686,-3.078514997393467,-0.5725548374144811,0
0,687,-3.234937581622607,-1.129041470600653,0
0,688,-5.598735184558498,-0.9079417452429799,0
0,689,-3.867384691481757,1.623568080454156,0
0,690,-2.415804947384048,-0.6401197661261366,0
0,691,-2.842828728466486,-1.247015625518741,0
0,692,-2.7226755737473667,-0.42773862407184415,0
0,693,-3.180208848660871,-0.5008337859223704,0
0,694,-3.669660207045825,0.5573967770620101,0
0,695,-3.8262776995180254,-1.2188222158422417,0
0,696,-4.299837847799847,-1.460458625827099,0
0,697,-3.8961140604299866,-0.48187102895189904,0
0,698,-5.91440089297787,0.15128020830435096,0
0,699,-5.874668663797314,0.5958674748419805,0
0,700,-4.712722823561938,0.26077538571729386,0
0,701,-3.4792528479542866,-1.53837010491206,0
0,702,-4.3493130910843965,-1.4550842550277792,0
0,703,-5.926367345125001,0.29883673637106956,0
0,704,-4.437408477030014,-1.70967483296221,0
0,705,-5.92152407509591,-1.2534335811084043,0
0,706,-2.918709909070489,1.0047259071484222,0
0,707,-3.6528186374689016,-0.9027470424647888,0
0,708,-4.253298176082518,1.0237791820543065,0
0,709,-5.392597391840582,0.4606145189887174,0
0,710,-2.563006571912069,0.7740859094786425,0
0,711,-5.914356210618797,-0.7438977930196264,0
0,712,-4.961166985613875,1.0930050350820086,0
0,713,-5.342034842964804,0.4183177693919089,0
0,714,-3.519396644808753,1.7331892835667193,0
0,715,-4.393175609194194,0.8011737289844088,0
0,716,-4.285479381629363,-1.241121931016945,0
0,717,-3.5779715806038164,-0.12100514177596189,0
0,718,-4.85452113700774,1.9141215393521898,0
0,719,-2.008209335275729,1.718039125552779,0
0,720,-3.1264311531024838,3.9849840991527867,0
0,721,-4.359287840488623,2.8392395342341827,0
0,722,-4.339743314013489,5.585106219932803,0
0,723,-3.0287902434592358,5.78862272216978,0
0,724,-2.251404456768182,4.214488755459918,0
0,725,-2.545723794098758,5.377051928295639,0
0,726,-3.50365455364799,2.1705062200283356,0
0,727,-3.3846465679318496,2.7161946201900165,0
0,728,-4.108748706556845,2.8978618922032253,0
0,729,-5.432202757923429,5.384800354134246,0
0,730,-5.4231006137643405,5.147257155668481,0
0,731,-4.626092401589439,5.2749013697819285,0
0,732,-5.060718876023762,4.7631052646852226,0
0,733,-4.624680338184399,4.8938105439637845,0
0,734,-3.802182277389308,3.494789090241768,0
0,735,-4.163716202155069,5.381748063738652,0
0,736,-4.0276220760287185,5.428922989812566,0
0,737,-2.4387049018352465,2.465852879324712,0
0,738,-5.989803308466726,2.3048335154277098,0
0,739,-3.6955677334594887,5.4237967024278095,0
0,740,-5.877072806909943,5.421847471890973,0
0,741,-4.982049748294292,2.759892156273461,0
0,742,-5.7479707043999415,3.4318760628325826,0
0,743,-4.79214839298702,3.4177559259075525,0
0,744,-3.6916394295937325,2.732804443771199,0
0,745,-4.92824637408405,5.392291362164334,0
0,746,-2.406947487937966,5.919219424946732,0
0,747,-3.773728363900899,3.719607143685106,0
0,748,-3.0499661327430507,5.762250362485278,0
0,749,-2.233184824697555,3.1055725225421478,0
0,750,-3.8976017119424764,2.3732332758900503,0
0,751,-5.806162916007418,3.1563482300992605,0
0,752,-4.773546350155073,4.7186863388135425,0
0,753,-2.677859274947399,5.193180189907933,0
0,754,-4.135843856878014,3.3565944211467222,0
0,755,-4.791484629219555,3.8126712965588583,0
0,756,-5.196667704417484,4.675388731480302,0
0,757,-3.000458679357809,5.45690807958893,0
0,758,-3.757095913093119,3.5641922663448997,0
0,759,-5.883850341534847,4.819358066021163,0
0,760,-2.2718030597210745,3.573950472362218,0
0,761,-4.871846042757882,2.7347630314081717,0
0,762,-4.0191164328994144,2.300664849283283,0
0,763,-4.530567834767375,3.2557337134150948,0
0,764,-2.889139870416791,4.691010198389671,0
0,765,-3.7716418697402307,5.797406521532347,0
0,766,-3.078514997393467,3.427445162585519,0
0,767,-3.234937581622607,2.870958529399347,0
0,768,-5.598735184558498,3.09205825475702,0
0,769,-3.867384691481757,5.623568080454156,0
0,770,-2.415804947384048,3.3598802338738634,0
0,771,-2.842828728466486,2.752984374481259,0
0,772,-2.7226755737473667,3.572261375928156,0
0,773,-3.180208848660871,3.4991662140776296,0
0,774,-3.669660207045825,4.55739677706201,0
0,775,-3.8262776995180254,2.7811777841577583,0
0,776,-4.299837847799847,2.539541374172901,0
0,777,-3.8961140604299866,3.518128971048101,0
0,778,-5.91440089297787,4.151280208304351,0
0,779,-5.874668663797314,4.595867474841981,0
0,780,-4.712722823561938,4.260775385717293,0
0,781,-3.4792528479542866,2.46162989508794,0
0,782,-4.3493130910843965,2.544915744972221,0
0,783,-5.926367345125001,4.2988367363710696,0
0,784,-4.437408477030014,2.29032516703779,0
0,785,-5.92152407509591,2.7465664188915957,0
0,786,-2.918709909070489,5.004725907148423,0
0,787,-3.6528186374689016,3.0972529575352112,0
0,788,-4.253298176082518,5.023779182054307,0
0,789,-5.392597391840582,4.460614518988717,0
0,790,-2.563006571912069,4.774085909478643,0
0,791,-5.914356210618797,3.2561022069803736,0
0,792,-4.961166985613875,5.093005035082008,0
0,793,-5.342034842964804,4.4183177693919085,0
0,794,-3.519396644808753,5.73318928356672,0
0,795,-4.393175609194194,4.801173728984409,0
0,796,-4.285479381629363,2.758878068983055,0
0,797,-3.5779715806038164,3.878994858224038,0
0,798,-4.85452113700774,5.914121539352189,0
0,799,-2.008209335275729,5.718039125552779,0
0,800,-3.1264311531024838,7.984984099152786,0
0,801,-4.359287840488623,6.839239534234183,0
0,802,-4.339743314013489,9.585106219932804,0
0,803,-3.0287902434592358,9.78862272216978,0
0,804,-2.251404456768182,8.214488755459918,0
0,805,-2.545723794098758,9.37705192829564,0
0,806,-3.50365455364799,6.170506220028336,0
0,807,-3.3846465679318496,6.7161946201900165,0
0,808,-4.108748706556845,6.897861892203226,0
0,809,-5.432202757923429,9.384800354134246,0
0,810,-5.4231006137643405,9.14725715566848,0
0,811,-4.626092401589439,9.27490136978193,0
0,812,-5.060718876023762,8.763105264685223,0
0,813,-4.624680338184399,8.893810543963784,0
0,814,-3.802182277389308,7.494789090241769,0
0,815,-4.163716202155069,9.381748063738652,0
0,816,-4.0276220760287185,9.428922989812566,0
0,817,-2.4387049018352465,6.4658528793247125,0
0,818,-5.989803308466726,6.30483351542771,0
0,819,-3.6955677334594887,9.42379670242781,0
0,820,-5.877072806909943,9.421847471890974,0
0,821,-4.982049748294292,6.759892156273461,0
0,822,-5.7479707043999415,7.431876062832583,0
0,823,-4.79214839298702,7.417755925907553,0
0,824,-3.6916394295937325,6.732804443771199,0
0,825,-4.92824637408405,9.392291362164334,0
0,826,-2.406947487937966,9.919219424946732,0
0,827,-3.773728363900899,7.719607143685106,0
0,828,-3.0499661327430507,9.762250362485279,0
0,829,-2.233184824697555,7.105572522542148,0
0,830,-3.8976017119424764,6.37323327589005,0
0,831,-5.806162916007418,7.15634823009926,0
0,832,-4.773546350155073,8.718686338813542,0
0,833,-2.677859274947399,9.193180189907933,0
0,834,-4.135843856878014,7.356594421146722,0
0,835,-4.791484629219555,7.812671296558858,0
0,836,-5.196667704417484,8.675388731480302,0
0,837,-3.000458679357809,9.456908079588931,0
0,838,-3.757095913093119,7.5641922663449,0
0,839,-5.883850341534847,8.819358066021163,0
0,840,-2.2718030597210745,7.573950472362219,0
0,841,-4.871846042757882,6.734763031408171,0
0,842,-4.0191164328994144,6.300664849283283,0
0,843,-4.530567834767375,7.255733713415095,0
0,844,-2.889139870416791,8.691010198389671,0
0,845,-3.7716418697402307,9.797406521532347,0
0,846,-3.078514997393467,7.427445162585519,0
0,847,-3.234937581622607,6.870958529399347,0
0,848,-5.598735184558498,7.092058254757021,0
0,849,-3.867384691481757,9.623568080454156,0
0,850,-2.415804947384048,7.359880233873863,0
0,851,-2.842828728466486,6.752984374481259,0
0,852,-2.7226755737473667,7.572261375928155,0
0,853,-3.180208848660871,7.499166214077629,0
0,854,-3.669660207045825,8.55739677706201,0
0,855,-3.8262776995180254,6.781177784157759,0
0,856,-4.299837847799847,6.5395413741729005,0
0,857,-3.8961140604299866,7.518128971048101,0
0,858,-5.91440089297787,8.151280208304351,0
0,859,-5.874668663797314,8.595867474841981,0
0,860,-4.712722823561938,8.260775385717293,0
0,861,-3.4792528479542866,6.46162989508794,0
0,862,-4.3493130910843965,6.54491574497222,0
0,863,-5.926367345125001,8.298836736371069,0
0,864,-4.437408477030014,6.29032516703779,0
0,865,-5.92152407509591,6.746566418891596,0
0,866,-2.918709909070489,9.004725907148423,0
0,867,-3.6528186374689016,7.097252957535211,0
0,868,-4.253298176082518,9.023779182054307,0
0,869,-5.392597391840582,8.460614518988717,0
0,870,-2.563006571912069,8.774085909478643,0
0,871,-5.914356210618797,7.256102206980374,0
0,872,-4.961166985613875,9.093005035082008,0
0,873,-5.342034842964804,8.418317769391908,0
0,874,-3.519396644808753,9.73318928356672,0
0,875,-4.393175609194194,8.80117372898441,0
0,876,-4.285479381629363,6.758878068983055,0
0,877,-3.5779715806038164,7.878994858224038,0
0,878,-4.85452113700774,9.91412153935219,0
0,879,-2.008209335275729,9.718039125552778,0
0,880,0.8735688468975162,-8.015015900847214,0
0,881,-0.35928784048862283,-9.160760465765817,0
0,882,-0.3397433140134898,-6.414893780067197,0
0,883,0.9712097565407642,-6.21137727783022,0
0,884,1.748595543231818,-7.785511244540082,0
0,885,1.454276205901242,-6.622948071704361,0
0,886,0.49634544635200983,-9.829493779971664,0
0,887,0.6153534320681504,-9.283805379809984,0
0,888,-0.10874870655684576,-9.102138107796774,0
0,889,-1.432202757923429,-6.615199645865754,0
0,890,-1.423100613764341,-6.852742844331519,0
0,891,-0.6260924015894389,-6.7250986302180715,0
0,892,-1.0607188760237611,-7.2368947353147774,0
0,893,-0.6246803381843988,-7.1061894560362155,0
0,894,0.19781772261069186,-8.505210909758231,0
0,895,-0.1637162021550691,-6.618251936261348,0
0,896,-0.027622076028718023,-6.571077010187434,0
0,897,1.5612950981647535,-9.534147120675287,0
0,898,-1.9898033084667262,-9.69516648457229,0
0,899,0.30443226654051125,-6.5762032975721905,0
0,900,-1.8770728069099438,-6.578152528109027,0
0,901,-0.9820497482942923,-9.24010784372654,0
0,902,-1.7479707043999415,-8.568123937167417,0
0,903,-0.7921483929870203,-8.582244074092447,0
0,904,0.3083605704062675,-9.2671955562288,0
0,905,-0.9282463740840496,-6.607708637835666,0
0,906,1.5930525120620338,-6.080780575053268,0
0,907,0.22627163609910106,-8.280392856314894,0
0,908,0.9500338672569493,-6.237749637514722,0
0,909,1.7668151753024448,-8.894427477457853,0
0,910,0.1023982880575236,-9.626766724109949,0
0,911,-1.8061629160074175,-8.84365176990074,0
0,912,-0.773546350155073,-7.2813136611864575,0
0,913,1.3221407250526012,-6.806819810092067,0
0,914,-0.13584385687801426,-8.643405578853278,0
0,915,-0.7914846292195548,-8.187328703441143,0
0,916,-1.1966677044174836,-7.324611268519698,0
0,917,0.9995413206421908,-6.54309192041107,0
0,918,0.24290408690688103,-8.4358077336551,0
0,919,-1.8838503415348469,-7.180641933978837,0
0,920,1.7281969402789255,-8.426049527637781,0
0,921,-0.8718460427578818,-9.265236968591829,0
0,922,-0.019116432899414892,-9.699335150716717,0
0,923,-0.5305678347673748,-8.744266286584905,0
0,924,1.1108601295832088,-7.308989801610329,0
0,925,0.22835813025976925,-6.202593478467653,0
0,926,0.9214850026065329,-8.572554837414481,0
0,927,0.7650624183773931,-9.129041470600653,0
0,928,-1.5987351845584978,-8.90794174524298,0
0,929,0.13261530851824288,-6.376431919545844,0
0,930,1.5841950526159518,-8.640119766126137,0
0,931,1.1571712715335138,-9.247015625518742,0
0,932,1.2773244262526333,-8.427738624071845,0
0,933,0.8197911513391292,-8.50083378592237,0
0,934,0.33033979295417515,-7.44260322293799,0
0,935,0.17372230048197457,-9.218822215842241,0
0,936,-0.29983784779984735,-9.4604586258271,0
0,937,0.10388593957001335,-8.481871028951899,0
0,938,-1.9144008929778695,-7.848719791695649,0
0,939,-1.8746686637973138,-7.404132525158019,0
0,940,-0.7127228235619376,-7.739224614282707,0
0,941,0.5207471520457134,-9.53837010491206,0
0,942,-0.34931309108439645,-9.45508425502778,0
0,943,-1.9263673451250019,-7.7011632636289304,0
0,944,-0.4374084770300142,-9.709674832962211,0
0,945,-1.9215240750959093,-9.253433581108403,0
0,946,1.0812900909295111,-6.995274092851577,0
0,947,0.34718136253109844,-8.902747042464789,0
0,948,-0.2532981760825179,-6.976220817945693,0
0,949,-1.3925973918405816,-7.539385481011283,0
0,950,1.436993428087931,-7.225914090521357,0
0,951,-1.9143562106187964,-8.743897793019627,0
0,952,-0.9611669856138754,-6.906994964917992,0
0,953,-1.3420348429648037,-7.5816822306080915,0
0,954,0.480603355191247,-6.26681071643328,0
0,955,-0.39317560919419403,-7.198826271015591,0
0,956,-0.2854793816293628,-9.241121931016945,0
0,957,0.42202841939618363,-8.121005141775962,0
0,958,-0.8545211370077408,-6.085878460647811,0
0,959,1.9917906647242711,-6.281960874447221,0
0,960,0.8735688468975162,-4.015015900847214,0
0,961,-0.35928784048862283,-5.160760465765817,0
0,962,-0.3397433140134898,-2.414893780067197,0
0,963,0.9712097565407642,-2.21137727783022,0
0,964,1.748595543231818,-3.7855112445400816,0
0,965,1.454276205901242,-2.6229480717043603,0
0,966,0.49634544635200983,-5.829493779971664,0
0,967,0.6153534320681504,-5.2838053798099835,0
0,968,-0.10874870655684576,-5.102138107796774,0
0,969,-1.432202757923429,-2.615199645865754,0
0,970,-1.423100613764341,-2.8527428443315186,0
0,971,-0.6260924015894389,-2.7250986302180715,0
0,972,-1.0607188760237611,-3.236894735314778,0
0,973,-0.6246803381843988,-3.106189456036215,0
0,974,0.19781772261069186,-4.505210909758231,0
0,975,-0.1637162021550691,-2.6182519362613483,0
0,976,-0.027622076028718023,-2.5710770101874334,0
0,977,1.5612950981647535,-5.5341471206752875,0
0,978,-1.9898033084667262,-5.69516648457229,0
0,979,0.30443226654051125,-2.57620329757219,0
0,980,-1.8770728069099438,-2.578152528109027,0
0,981,-0.9820497482942923,-5.240107843726539,0
0,982,-1.7479707043999415,-4.568123937167417,0
0,983,-0.7921483929870203,-4.582244074092447,0
0,984,0.3083605704062675,-5.267195556228801,0
0,985,-0.9282463740840496,-2.607708637835666,0
0,986,1.5930525120620338,-2.0807805750532684,0
0,987,0.22627163609910106,-4.280392856314894,0
0,988,0.9500338672569493,-2.237749637514722,0
0,989,1.7668151753024448,-4.894427477457852,0
0,990,0.1023982880575236,-5.62676672410995,0
0,991,-1.8061629160074175,-4.84365176990074,0
0,992,-0.773546350155073,-3.281313661186458,0
0,993,1.3221407250526012,-2.8068198100920667,0
0,994,-0.13584385687801426,-4.643405578853278,0
0,995,-0.7914846292195548,-4.187328703441142,0
0,996,-1.1966677044174836,-3.3246112685196976,0
0,997,0.9995413206421908,-2.5430919204110696,0
0,998,0.24290408690688103,-4.4358077336551,0
0,999,-1.8838503415348469,-3.1806419339788365,0
0,1000,1.7281969402789255,-4.426049527637781,0
0,1001,-0.8718460427578818,-5.265236968591829,0
0,1002,-0.019116432899414892,-5.699335150716717,0
0,1003,-0.5305678347673748,-4.744266286584905,0
0,1004,1.1108601295832088,-3.308989801610329,0
0,1005,0.22835813025976925,-2.2025934784676533,0
0,1006,0.9214850026065329,-4.572554837414481,0
0,1007,0.7650624183773931,-5.129041470600653,0
0,1008,-1.5987351845584978,-4.907941745242979,0
0,1009,0.13261530851824288,-2.376431919545844,0
0,1010,1.5841950526159518,-4.640119766126137,0
0,1011,1.1571712715335138,-5.247015625518741,0
0,1012,1.2773244262526333,-4.427738624071845,0
0,1013,0.8197911513391292,-4.500833785922371,0
0,1014,0.33033979295417515,-3.44260322293799,0
0,1015,0.17372230048197457,-5.218822215842241,0
0,1016,-0.29983784779984735,-5.4604586258270995,0
0,1017,0.10388593957001335,-4.481871028951899,0
0,1018,-1.9144008929778695,-3.848719791695649,0
0,1019,-1.8746686637973138,-3.4041325251580195,0
0,1020,-0.7127228235619376,-3.739224614282706,0
0,1021,0.5207471520457134,-5.53837010491206,0
0,1022,-0.34931309108439645,-5.45508425502778,0
0,1023,-1.9263673451250019,-3.7011632636289304,0
0,1024,-0.4374084770300142,-5.70967483296221,0
0,1025,-1.9215240750959093,-5.253433581108404,0
0,1026,1.0812900909295111,-2.9952740928515778,0
0,1027,0.34718136253109844,-4.902747042464789,0
0,1028,-0.2532981760825179,-2.9762208179456935,0
0,1029,-1.3925973918405816,-3.5393854810112826,0
0,1030,1.436993428087931,-3.2259140905213575,0
0,1031,-1.9143562106187964,-4.743897793019626,0
0,1032,-0.9611669856138754,-2.9069949649179914,0
0,1033,-1.3420348429648037,-3.581682230608091,0
0,1034,0.480603355191247,-2.2668107164332807,0
0,1035,-0.39317560919419403,-3.1988262710155912,0
0,1036,-0.2854793816293628,-5.241121931016945,0
0,1037,0.42202841939618363,-4.121005141775962,0
0,1038,-0.8545211370077408,-2.0858784606478102,0
0,1039,1.9917906647242711,-2.281960874447221,0
0,1040,0.8735688468975162,3.9849840991527867,0
0,1041,-0.35928784048862283,2.8392395342341827,0
0,1042,-0.3397433140134898,5.585106219932803,0
0,1043,0.9712097565407642,5.78862272216978,0
0,1044,1.748595543231818,4.214488755459918,0
0,1045,1.454276205901242,5.377051928295639,0
0,1046,0.49634544635200983,2.1705062200283356,0
0,1047,0.6153534320681504,2.7161946201900165,0
0,1048,-0.10874870655684576,2.8978618922032253,0
0,1049,-1.432202757923429,5.384800354134246,0
0,1050,-1.423100613764341,5.147257155668481,0
0,1051,-0.6260924015894389,5.2749013697819285,0
0,1052,-1.0607188760237611,4.7631052646852226,0
0,1053,-0.6246803381843988,4.8938105439637845,0
0,1054,0.19781772261069186,3.494789090241768,0
0,1055,-0.1637162021550691,5.381748063738652,0
0,1056,-0.027622076028718023,5.428922989812566,0
0,1057,1.5612950981647535,2.465852879324712,0
0,1058,-1.9898033084667262,2.3048335154277098,0
0,1059,0.30443226654051125,5.4237967024278095,0
0,1060,-1.8770728069099438,5.421847471890973,0
0,1061,-0.9820497482942923,2.759892156273461,0
0,1062,-1.7479707043999415,3.4318760628325826,0
0,1063,-0.7921483929870203,3.4177559259075525,0
0,1064,0.3083605704062675,2.732804443771199,0
0,1065,-0.9282463740840496,5.392291362164334,0
0,1066,1.5930525120620338,5.919219424946732,0
0,1067,0.22627163609910106,3.719607143685106,0
0,1068,0.9500338672569493,5.762250362485278,0
0,1069,1.7668151753024448,3.1055725225421478,0
0,1070,0.1023982880575236,2.3732332758900503,0
0,1071,-1.8061629160074175,3.1563482300992605,0
0,1072,-0.773546350155073,4.7186863388135425,0
0,1073,1.3221407250526012,5.193180189907933,0
0,1074,-0.13584385687801426,3.3565944211467222,0
0,1075,-0.7914846292195548,3.8126712965588583,0
0,1076,-1.1966677044174836,4.675388731480302,0
0,1077,0.9995413206421908,5.45690807958893,0
0,1078,0.24290408690688103,3.5641922663448997,0
0,1079,-1.8838503415348469,4.819358066021163,0
0,1080,1.7281969402789255,3.573950472362218,0
0,1081,-0.8718460427578818,2.7347630314081717,0
0,1082,-0.019116432899414892,2.300664849283283,0
0,1083,-0.5305678347673748,3.2557337134150948,0
0,1084,1.1108601295832088,4.691010198389671,0
0,1085,0.22835813025976925,5.797406521532347,0
0,1086,0.9214850026065329,3.427445162585519,0
0,1087,0.7650624183773931,2.870958529399347,0
0,1088,-1.5987351845584978,3.09205825475702,0
0,1089,0.13261530851824288,5.623568080454156,0
0,1090,1.5841950526159518,3.3598802338738634,0
0,1091,1.1571712715335138,2.752984374481259,0
0,1092,1.2773244262526333,3.572261375928156,0
0,1093,0.8197911513391292,3.4991662140776296,0
0,1094,0.33033979295417515,4.55739677706201,0
0,1095,0.17372230048197457,2.7811777841577583,0
0,1096,-0.29983784779984735,2.539541374172901,0
0,1097,0.10388593957001335,3.518128971048101,0
0,1098,-1.9144008929778695,4.151280208304351,0
0,1099,-1.8746686637973138,4.595867474841981,0
0,1100,-0.7127228235619376,4.260775385717293,0
0,1101,0.5207471520457134,2.46162989508794,0
0,1102,-0.34931309108439645,2.544915744972221,0
0,1103,-1.9263673451250019,4.2988367363710696,0
0,1104,-0.4374084770300142,2.29032516703779,0
0,1105,-1.9215240750959093,2.7465664188915957,0
0,1106,1.0812900909295111,5.004725907148423,0
0,1107,0.34718136253109844,3.0972529575352112,0
0,1108,-0.2532981760825179,5.023779182054307,0
0,1109,-1.3925973918405816,4.460614518988717,0
0,1110,1.436993428087931,4.774085909478643,0
0,1111,-1.9143562106187964,3.2561022069803736,0
0,1112,-0.9611669856138754,5.093005035082008,0
0,1113,-1.3420348429648037,4.4183177693919085,0
0,1114,0.480603355191247,5.73318928356672,0
0,1115,-0.39317560919419403,4.801173728984409,0
0,1116,-0.2854793816293628,2.758878068983055,0
0,1117,0.42202841939618363,3.878994858224038,0
0,1118,-0.8545211370077408,5.914121539352189,0
0,1119,1.9917906647242711,5.718039125552779,0
0,1120,0.8735688468975162,7.984984099152786,0
0,1121,-0.35928784048862283,6.839239534234183,0
0,1122,-0.3397433140134898,9.585106219932804,0
0,1123,0.9712097565407642,9.78862272216978,0
0,1124,1.748595543231818,8.214488755459918,0
0,1125,1.454276205901242,9.37705192829564,0
0,1126,0.49634544635200983,6.170506220028336,0
0,1127,0.6153534320681504,6.7161946201900165,0
0,1128,-0.10874870655684576,6.897861892203226,0
0,1129,-1.432202757923429,9.384800354134246,0
0,1130,-1.423100613764341,9.14725715566848,0
0,1131,-0.6260924015894389,9.27490136978193,0
0,1132,-1.0607188760237611,8.763105264685223,0
0,1133,-0.6246803381843988,8.893810543963784,0
0,1134,0.19781772261069186,7.494789090241769,0
0,1135,-0.1637162021550691,9.381748063738652,0
0,1136,-0.027622076028718023,9.428922989812566,0
0,1137,1.5612950981647535,6.4658528793247125,0
0,1138,-1.9898033084667262,6.30483351542771,0
0,1139,0.30443226654051125,9.42379670242781,0
0,1140,-1.8770728069099438,9.421847471890974,0
0,1141,-0.9820497482942923,6.759892156273461,0
0,1142,-1.7479707043999415,7.431876062832583,0
0,1143,-0.7921483929870203,7.417755925907553,0
0,1144,0.3083605704062675,6.732804443771199,0
0,1145,-0.9282463740840496,9.392291362164334,0
0,1146,1.5930525120620338,9.919219424946732,0
0,1147,0.22627163609910106,7.719607143685106,0
0,1148,0.9500338672569493,9.762250362485279,0
0,1149,1.7668151753024448,7.105572522542148,0
0,1150,0.1023982880575236,6.37323327589005,0
0,1151,-1.8061629160074175,7.15634823009926,0
0,1152,-0.773546350155073,8.718686338813542,0
0,1153,1.3221407250526012,9.193180189907933,0
0,1154,-0.13584385687801426,7.356594421146722,0
0,1155,-0.7914846292195548,7.812671296558858,0
0,1156,-1.1966677044174836,8.675388731480302,0
0,1157,0.9995413206421908,9.456908079588931,0
0,1158,0.24290408690688103,7.5641922663449,0
0,1159,-1.8838503415348469,8.819358066021163,0
0,1160,1.7281969402789255,7.573950472362219,0
0,1161,-0.8718460427578818,6.734763031408171,0
0,1162,-0.019116432899414892,6.300664849283283,0
0,1163,-0.5305678347673748,7.255733713415095,0
0,1164,1.1108601295832088,8.691010198389671,0
0,1165,0.22835813025976925,9.797406521532347,0
0,1166,0.9214850026065329,7.427445162585519,0
0,1167,0.7650624183773931,6.870958529399347,0
0,1168,-1.5987351845584978,7.092058254757021,0
0,1169,0.13261530851824288,9.623568080454156,0
0,1170,1.5841950526159518,7.359880233873863,0
0,1171,1.1571712715335138,6.752984374481259,0
0,1172,1.2773244262526333,7.572261375928155,0
0,1173,0.8197911513391292,7.499166214077629,0
0,1174,0.33033979295417515,8.55739677706201,0
0,1175,0.17372230048197457,6.781177784157759,0
0,1176,-0.29983784779984735,6.5395413741729005,0
0,1177,0.10388593957001335,7.518128971048101,0
0,1178,-1.9144008929778695,8.151280208304351,0
0,1179,-1.8746686637973138,8.595867474841981,0
0,1180,-0.7127228235619376,8.260775385717293,0
0,1181,0.5207471520457134,6.46162989508794,0
0,1182,-0.34931309108439645,6.54491574497222,0
0,1183,-1.9263673451250019,8.298836736371069,0
0,1184,-0.4374084770300142,6.29032516703779,0
0,1185,-1.9215240750959093,6.746566418891596,0
0,1186,1.0812900909295111,9.004725907148423,0
0,1187,0.34718136253109844,7.097252957535211,0
0,1188,-0.2532981760825179,9.023779182054307,0
0,1189,-1.3925973918405816,8.460614518988717,0
0,1190,1.436993428087931,8.774085909478643,0
0,1191,-1.9143562106187964,7.256102206980374,0
0,1192,-0.9611669856138754,9.093005035082008,0
0,1193,-1.3420348429648037,8.418317769391908,0
0,1194,0.480603355191247,9.73318928356672,0
0,1195,-0.39317560919419403,8.80117372898441,0
0,1196,-0.2854793816293628,6.758878068983055,0
0,1197,0.42202841939618363,7.878994858224038,0
0,1198,-0.8545211370077408,9.91412153935219,0
0,1199,1.9917906647242711,9.718039125552778,0
0,1200,4.873568846897516,-8.015015900847214,0
0,1201,3.640712159511377,-9.160760465765817,0
0,1202,3.66025668598651,-6.414893780067197,0
0,1203,4.971209756540764,-6.21137727783022,0
0,1204,5.7485955432318185,-7.785511244540082,0
0,1205,5.454276205901242,-6.622948071704361,0
0,1206,4.496345446352009,-9.829493779971664,0
0,1207,4.615353432068151,-9.283805379809984,0
0,1208,3.8912512934431542,-9.102138107796774,0
0,1209,2.567797242076571,-6.615199645865754,0
0,1210,2.576899386235659,-6.852742844331519,0
0,1211,3.373907598410561,-6.7250986302180715,0
0,1212,2.939281123976239,-7.2368947353147774,0
0,1213,3.375319661815601,-7.1061894560362155,0
0,1214,4.197817722610692,-8.505210909758231,0
0,1215,3.836283797844931,-6.618251936261348,0
0,1216,3.972377923971282,-6.571077010187434,0
0,1217,5.561295098164754,-9.534147120675287,0
0,1218,2.010196691533274,-9.69516648457229,0
0,1219,4.304432266540511,-6.5762032975721905,0
0,1220,2.122927193090056,-6.578152528109027,0
0,1221,3.0179502517057077,-9.24010784372654,0
0,1222,2.2520292956000585,-8.568123937167417,0
0,1223,3.2078516070129797,-8.582244074092447,0
0,1224,4.3083605704062675,-9.2671955562288,0
0,1225,3.0717536259159504,-6.607708637835666,0
0,1226,5.593052512062034,-6.080780575053268,0
0,1227,4.226271636099101,-8.280392856314894,0
0,1228,4.950033867256949,-6.237749637514722,0
0,1229,5.766815175302445,-8.894427477457853,0
0,1230,4.102398288057524,-9.626766724109949,0
0,1231,2.1938370839925825,-8.84365176990074,0
0,1232,3.226453649844927,-7.2813136611864575,0
0,1233,5.322140725052601,-6.806819810092067,0
0,1234,3.8641561431219857,-8.643405578853278,0
0,1235,3.2085153707804452,-8.187328703441143,0
0,1236,2.8033322955825164,-7.324611268519698,0
0,1237,4.999541320642191,-6.54309192041107,0
0,1238,4.242904086906881,-8.4358077336551,0
0,1239,2.116149658465153,-7.180641933978837,0
0,1240,5.7281969402789255,-8.426049527637781,0
0,1241,3.128153957242118,-9.265236968591829,0
0,1242,3.980883567100585,-9.699335150716717,0
0,1243,3.469432165232625,-8.744266286584905,0
0,1244,5.110860129583209,-7.308989801610329,0
0,1245,4.228358130259769,-6.202593478467653,0
0,1246,4.921485002606532,-8.572554837414481,0
0,1247,4.7650624183773935,-9.129041470600653,0
0,1248,2.401264815441502,-8.90794174524298,0
0,1249,4.132615308518243,-6.376431919545844,0
0,1250,5.584195052615952,-8.640119766126137,0
0,1251,5.157171271533514,-9.247015625518742,0
0,1252,5.277324426252633,-8.427738624071845,0
0,1253,4.819791151339129,-8.50083378592237,0
0,1254,4.330339792954176,-7.44260322293799,0
0,1255,4.173722300481975,-9.218822215842241,0
0,1256,3.7001621522001527,-9.4604586258271,0
0,1257,4.103885939570013,-8.481871028951899,0
0,1258,2.0855991070221305,-7.848719791695649,0
0,1259,2.125331336202686,-7.404132525158019,0
0,1260,3.2872771764380624,-7.739224614282707,0
0,1261,4.520747152045713,-9.53837010491206,0
0,1262,3.6506869089156035,-9.45508425502778,0
0,1263,2.073632654874998,-7.7011632636289304,0
0,1264,3.562591522969986,-9.709674832962211,0
0,1265,2.0784759249040907,-9.253433581108403,0
0,1266,5.081290090929511,-6.995274092851577,0
0,1267,4.347181362531098,-8.902747042464789,0
0,1268,3.746701823917482,-6.976220817945693,0
0,1269,2.6074026081594184,-7.539385481011283,0
0,1270,5.436993428087931,-7.225914090521357,0
0,1271,2.0856437893812036,-8.743897793019627,0
0,1272,3.0388330143861246,-6.906994964917992,0
0,1273,2.6579651570351963,-7.5816822306080915,0
0,1274,4.480603355191247,-6.26681071643328,0
0,1275,3.606824390805806,-7.198826271015591,0
0,1276,3.714520618370637,-9.241121931016945,0
0,1277,4.422028419396184,-8.121005141775962,0
0,1278,3.145478862992259,-6.085878460647811,0
0,1279,5.991790664724271,-6.281960874447221,0
0,1280,4.873568846897516,-4.015015900847214,0
0,1281,3.640712159511377,-5.160760465765817,0
0,1282,3.66025668598651,-2.414893780067197,0
0,1283,4.971209756540764,-2.21137727783022,0
0,1284,5.7485955432318185,-3.7855112445400816,0
0,1285,5.454276205901242,-2.6229480717043603,0
0,1286,4.496345446352009,-5.829493779971664,0
0,1287,4.615353432068151,-5.2838053798099835,0
0,1288,3.8912512934431542,-5.102138107796774,0
0,1289,2.567797242076571,-2.615199645865754,0
0,1290,2.576899386235659,-2.8527428443315186,0
0,1291,3.373907598410561,-2.7250986302180715,0
0,1292,2.939281123976239,-3.236894735314778,0
0,1293,3.375319661815601,-3.106189456036215,0
0,1294,4.197817722610692,-4.505210909758231,0
0,1295,3.836283797844931,-2.6182519362613483,0
0,1296,3.972377923971282,-2.5710770101874334,0
0,1297,5.561295098164754,-5.5341471206752875,0
0,1298,2.010196691533274,-5.69516648457229,0
0,1299,4.304432266540511,-2.57620329757219,0
0,1300,2.122927193090056,-2.578152528109027,0
0,1301,3.0179502517057077,-5.240107843726539,0
0,1302,2.2520292956000585,-4.568123937167417,0
0,1303,3.2078516070129797,-4.582244074092447,0
0,1304,4.3083605704062675,-5.267195556228801,0
0,1305,3.0717536259159504,-2.607708637835666,0
0,1306,5.593052512062034,-2.0807805750532684,0
0,1307,4.226271636099101,-4.280392856314894,0
0,1308,4.950033867256949,-2.237749637514722,0
0,1309,5.766815175302445,-4.894427477457852,0
0,1310,4.102398288057524,-5.62676672410995,0
0,1311,2.1938370839925825,-4.84365176990074,0
0,1312,3.226453649844927,-3.281313661186458,0
0,1313,5.322140725052601,-2.8068198100920667,0
0,1314,3.8641561431219857,-4.643405578853278,0
0,1315,3.2085153707804452,-4.187328703441142,0
0,1316,2.8033322955825164,-3.3246112685196976,0
0,1317,4.999541320642191,-2.5430919204110696,0
0,1318,4.242904086906881,-4.4358077336551,0
0,1319,2.116149658465153,-3.1806419339788365,0
0,1320,5.7281969402789255,-4.426049527637781,0
0,1321,3.128153957242118,-5.265236968591829,0
0,1322,3.980883567100585,-5.699335150716717,0
0,1323,3.469432165232625,-4.744266286584905,0
0,1324,5.110860129583209,-3.308989801610329,0
0,1325,4.228358130259769,-2.2025934784676533,0
0,1326,4.921485002606532,-4.572554837414481,0
0,1327,4.7650624183773935,-5.129041470600653,0
0,1328,2.401264815441502,-4.907941745242979,0
0,1329,4.132615308518243,-2.376431919545844,0
0,1330,5.584195052615952,-4.640119766126137,0
0,1331,5.157171271533514,-5.247015625518741,0
0,1332,5.277324426252633,-4.427738624071845,0
0,1333,4.819791151339129,-4.500833785922371,0
0,1334,4.330339792954176,-3.44260322293799,0
0,1335,4.173722300481975,-5.218822215842241,0
0,1336,3.7001621522001527,-5.4604586258270995,0
0,1337,4.103885939570013,-4.481871028951899,0
0,1338,2.0855991070221305,-3.848719791695649,0
0,1339,2.125331336202686,-3.4041325251580195,0
0,1340,3.2872771764380624,-3.739224614282706,0
0,1341,4.520747152045713,-5.53837010491206,0
0,1342,3.6506869089156035,-5.45508425502778,0
0,1343,2.073632654874998,-3.7011632636289304,0
0,1344,3.562591522969986,-5.70967483296221,0
0,1345,2.0784759249040907,-5.253433581108404,0
0,1346,5.081290090929511,-2.9952740928515778,0
0,1347,4.347181362531098,-4.902747042464789,0
0,1348,3.746701823917482,-2.9762208179456935,0
0,1349,2.6074026081594184,-3.5393854810112826,0
0,1350,5.436993428087931,-3.2259140905213575,0
0,1351,2.0856437893812036,-4.743897793019626,0
0,1352,3.0388330143861246,-2.9069949649179914,0
0,1353,2.6579651570351963,-3.581682230608091,0
0,1354,4.480603355191247,-2.2668107164332807,0
0,1355,3.606824390805806,-3.1988262710155912,0
0,1356,3.714520618370637,-5.241121931016945,0
0,1357,4.422028419396184,-4.121005141775962,0
0,1358,3.145478862992259,-2.0858784606478102,0
0,1359,5.991790664724271,-2.281960874447221,0
0,1360,4.873568846897516,-0.01501590084721327,0
0,1361,3.640712159511377,-1.1607604657658173,0
0,1362,3.66025668598651,1.5851062199328032,0
0,1363,4.971209756540764,1.7886227221697801,0
0,1364,5.7485955432318185,0.2144887554599184,0
0,1365,5.454276205901242,1.3770519282956397,0
0,1366,4.496345446352009,-1.8294937799716644,0
0,1367,4.615353432068151,-1.2838053798099835,0
0,1368,3.8912512934431542,-1.1021381077967747,0
0,1369,2.567797242076571,1.3848003541342462,0
0,1370,2.576899386235659,1.1472571556684814,0
0,1371,3.373907598410561,1.2749013697819285,0
0,1372,2.939281123976239,0.7631052646852221,0
0,1373,3.375319661815601,0.8938105439637849,0
0,1374,4.197817722610692,-0.5052109097582318,0
0,1375,3.836283797844931,1.3817480637386517,0
0,1376,3.972377923971282,1.4289229898125666,0
0,1377,5.561295098164754,-1.534147120675288,0
0,1378,2.010196691533274,-1.6951664845722902,0
0,1379,4.304432266540511,1.42379670242781,0
0,1380,2.122927193090056,1.421847471890973,0
0,1381,3.0179502517057077,-1.240107843726539,0
0,1382,2.2520292956000585,-0.5681239371674174,0
0,1383,3.2078516070129797,-0.5822440740924475,0
0,1384,4.3083605704062675,-1.2671955562288009,0
0,1385,3.0717536259159504,1.3922913621643338,0
0,1386,5.593052512062034,1.9192194249467316,0
0,1387,4.226271636099101,-0.2803928563148941,0
0,1388,4.950033867256949,1.762250362485278,0
0,1389,5.766815175302445,-0.8944274774578522,0
0,1390,4.102398288057524,-1.6267667241099497,0
0,1391,2.1938370839925825,-0.8436517699007395,0
0,1392,3.226453649844927,0.718686338813542,0
0,1393,5.322140725052601,1.1931801899079333,0
0,1394,3.8641561431219857,-0.6434055788532778,0
0,1395,3.2085153707804452,-0.18732870344114172,0
0,1396,2.8033322955825164,0.6753887314803024,0
0,1397,4.999541320642191,1.4569080795889304,0
0,1398,4.242904086906881,-0.4358077336551003,0
0,1399,2.116149658465153,0.8193580660211635,0
0,1400,5.7281969402789255,-0.4260495276377818,0
0,1401,3.128153957242118,-1.2652369685918283,0
0,1402,3.980883567100585,-1.699335150716717,0
0,1403,3.469432165232625,-0.7442662865849052,0
0,1404,5.110860129583209,0.6910101983896708,0
0,1405,4.228358130259769,1.7974065215323467,0
0,1406,4.921485002606532,-0.5725548374144811,0
0,1407,4.7650624183773935,-1.129041470600653,0
0,1408,2.401264815441502,-0.9079417452429799,0
0,1409,4.132615308518243,1.623568080454156,0
0,1410,5.584195052615952,-0.6401197661261366,0
0,1411,5.157171271533514,-1.247015625518741,0
0,1412,5.277324426252633,-0.42773862407184415,0
0,1413,4.819791151339129,-0.5008337859223704,0
0,1414,4.330339792954176,0.5573967770620101,0
0,1415,4.173722300481975,-1.2188222158422417,0
0,1416,3.7001621522001527,-1.460458625827099,0
0,1417,4.103885939570013,-0.48187102895189904,0
0,1418,2.0855991070221305,0.15128020830435096,0
0,1419,2.125331336202686,0.5958674748419805,0
0,1420,3.2872771764380624,0.26077538571729386,0
0,1421,4.520747152045713,-1.53837010491206,0
0,1422,3.6506869089156035,-1.4550842550277792,0
0,1423,2.073632654874998,0.29883673637106956,0
0,1424,3.562591522969986,-1.70967483296221,0
0,1425,2.0784759249040907,-1.2534335811084043,0
0,1426,5.081290090929511,1.0047259071484222,0
0,1427,4.347181362531098,-0.9027470424647888,0
0,1428,3.746701823917482,1.0237791820543065,0
0,1429,2.6074026081594184,0.4606145189887174,0
0,1430,5.436993428087931,0.7740859094786425,0
0,1431,2.0856437893812036,-0.7438977930196264,0
0,1432,3.0388330143861246,1.0930050350820086,0
0,1433,2.6579651570351963,0.4183177693919089,0
0,1434,4.480603355191247,1.7331892835667193,0
0,1435,3.606824390805806,0.8011737289844088,0
0,1436,3.714520618370637,-1.241121931016945,0
0,1437,4.422028419396184,-0.12100514177596189,0
0,1438,3.145478862992259,1.9141215393521898,0
0,1439,5.991790664724271,1.718039125552779,0
0,1440,4.873568846897516,3.9849840991527867,0
0,1441,3.640712159511377,2.8392395342341827,0
0,1442,3.66025668598651,5.585106219932803,0
0,1443,4.971209756540764,5.78862272216978,0
0,1444,5.7485955432318185,4.214488755459918,0
0,1445,5.454276205901242,5.377051928295639,0
0,1446,4.496345446352009,2.1705062200283356,0
0,1447,4.615353432068151,2.7161946201900165,0
0,1448,3.8912512934431542,2.8978618922032253,0
0,1449,2.567797242076571,5.384800354134246,0
0,1450,2.576899386235659,5.147257155668481,0
0,1451,3.373907598410561,5.2749013697819285,0
0,1452,2.939281123976239,4.7631052646852226,0
0,1453,3.375319661815601,4.8938105439637845,0
0,1454,4.197817722610692,3.494789090241768,0
0,1455,3.836283797844931,5.381748063738652,0
0,1456,3.972377923971282,5.428922989812566,0
0,1457,5.561295098164754,2.465852879324712,0
0,1458,2.010196691533274,2.3048335154277098,0
0,1459,4.304432266540511,5.4237967024278095,0
0,1460,2.122927193090056,5.421847471890973,0
0,1461,3.0179502517057077,2.759892156273461,0
0,1462,2.2520292956000585,3.4318760628325826,0
0,1463,3.2078516070129797,3.4177559259075525,0
0,1464,4.3083605704062675,2.732804443771199,0
0,1465,3.0717536259159504,5.392291362164334,0
0,1466,5.593052512062034,5.919219424946732,0
0,1467,4.226271636099101,3.719607143685106,0
0,1468,4.950033867256949,5.762250362485278,0
0,1469,5.766815175302445,3.1055725225421478,0
0,1470,4.102398288057524,2.3732332758900503,0
0,1471,2.1938370839925825,3.1563482300992605,0
0,1472,3.226453649844927,4.7186863388135425,0
0,1473,5.322140725052601,5.193180189907933,0
0,1474,3.8641561431219857,3.3565944211467222,0
0,1475,3.2085153707804452,3.8126712965588583,0
0,1476,2.8033322955825164,4.675388731480302,0
0,1477,4.999541320642191,5.45690807958893,0
0,1478,4.242904086906881,3.5641922663448997,0
0,1479,2.116149658465153,4.819358066021163,0
0,1480,5.7281969402789255,3.573950472362218,0
0,1481,3.128153957242118,2.7347630314081717,0
0,1482,3.980883567100585,2.300664849283283,0
0,1483,3.469432165232625,3.2557337134150948,0
0,1484,5.110860129583209,4.691010198389671,0
0,1485,4.228358130259769,5.797406521532347,0
0,1486,4.921485002606532,3.427445162585519,0
0,1487,4.7650624183773935,2.870958529399347,0
0,1488,2.401264815441502,3.09205825475702,0
0,1489,4.132615308518243,5.623568080454156,0
0,1490,5.584195052615952,3.3598802338738634,0
0,1491,5.157171271533514,2.752984374481259,0
0,1492,5.277324426252633,3.572261375928156,0
0,1493,4.819791151339129,3.4991662140776296,0
0,1494,4.330339792954176,4.55739677706201,0
0,1495,4.173722300481975,2.7811777841577583,0
0,1496,3.7001621522001527,2.539541374172901,0
0,1497,4.103885939570013,3.518128971048101,0
0,1498,2.0855991070221305,4.151280208304351,0
0,1499,2.125331336202686,4.595867474841981,0
0,1500,3.2872771764380624,4.260775385717293,0
0,1501,4.520747152045713,2.46162989508794,0
0,1502,3.6506869089156035,2.544915744972221,0
0,1503,2.073632654874998,4.2988367363710696,0
0,1504,3.562591522969986,2.29032516703779,0
0,1505,2.0784759249040907,2.7465664188915957,0
0,1506,5.081290090929511,5.004725907148423,0
0,1507,4.347181362531098,3.0972529575352112,0
0,1508,3.746701823917482,5.023779182054307,0
0,1509,2.6074026081594184,4.460614518988717,0
0,1510,5.436993428087931,4.774085909478643,0
0,1511,2.0856437893812036,3.2561022069803736,0
0,1512,3.0388330143861246,5.093005035082008,0
0,1513,2.6579651570351963,4.4183177693919085,0
0,1514,4.480603355191247,5.73318928356672,0
0,1515,3.606824390805806,4.801173728984409,0
0,1516,3.714520618370637,2.758878068983055,0
0,1517,4.422028419396184,3.878994858224038,0
0,1518,3.145478862992259,5.914121539352189,0
0,1519,5.991790664724271,5.718039125552779,0
0,1520,4.873568846897516,7.984984099152786,0
0,1521,3.640712159511377,6.839239534234183,0
0,1522,3.66025668598651,9.585106219932804,0
0,1523,4.971209756540764,9.78862272216978,0
0,1524,5.7485955432318185,8.214488755459918,0
0,1525,5.454276205901242,9.37705192829564,0
0,1526,4.496345446352009,6.170506220028336,0
0,1527,4.615353432068151,6.7161946201900165,0
0,1528,3.8912512934431542,6.897861892203226,0
0,1529,2.567797242076571,9.384800354134246,0
0,1530,2.576899386235659,9.14725715566848,0
0,1531,3.373907598410561,9.27490136978193,0
0,1532,2.939281123976239,8.763105264685223,0
0,1533,3.375319661815601,8.893810543963784,0
0,1534,4.197817722610692,7.494789090241769,0
0,1535,3.836283797844931,9.381748063738652,0
0,1536,3.972377923971282,9.428922989812566,0
0,1537,5.561295098164754,6.4658528793247125,0
0,1538,2.010196691533274,6.30483351542771,0
0,1539,4.304432266540511,9.42379670242781,0
0,1540,2.122927193090056,9.421847471890974,0
0,1541,3.0179502517057077,6.759892156273461,0
0,1542,2.2520292956000585,7.431876062832583,0
0,1543,3.2078516070129797,7.417755925907553,0
0,1544,4.3083605704062675,6.732804443771199,0
0,1545,3.0717536259159504,9.392291362164334,0
0,1546,5.593052512062034,9.919219424946732,0
0,1547,4.226271636099101,7.719607143685106,0
0,1548,4.950033867256949,9.762250362485279,0
0,1549,5.766815175302445,7.105572522542148,0
0,1550,4.102398288057524,6.37323327589005,0
0,1551,2.1938370839925825,7.15634823009926,0
0,1552,3.226453649844927,8.718686338813542,0
0,1553,5.322140725052601,9.193180189907933,0
0,1554,3.8641561431219857,7.356594421146722,0
0,1555,3.2085153707804452,7.812671296558858,0
0,1556,2.8033322955825164,8.675388731480302,0
0,1557,4.999541320642191,9.456908079588931,0
0,1558,4.242904086906881,7.5641922663449,0
0,1559,2.116149658465153,8.819358066021163,0
0,1560,5.7281969402789255,7.573950472362219,0
0,1561,3.128153957242118,6.734763031408171,0
0,1562,3.980883567100585,6.300664849283283,0
0,1563,3.469432165232625,7.255733713415095,0
0,1564,5.110860129583209,8.691010198389671,0
0,1565,4.228358130259769,9.797406521532347,0
0,1566,4.921485002606532,7.427445162585519,0
0,1567,4.7650624183773935,6.870958529399347,0
0,1568,2.401264815441502,7.092058254757021,0
0,1569,4.132615308518243,9.623568080454156,0
0,1570,5.584195052615952,7.359880233873863,0
0,1571,5.157171271533514,6.752984374481259,0
0,1572,5.277324426252633,7.572261375928155,0
0,1573,4.819791151339129,7.499166214077629,0
0,1574,4.330339792954176,8.55739677706201,0
0,1575,4.173722300481975,6.781177784157759,0
0,1576,3.7001621522001527,6.5395413741729005,0
0,1577,4.103885939570013,7.518128971048101,0
0,1578,2.0855991070221305,8.151280208304351,0
0,1579,2.125331336202686,8.595867474841981,0
0,1580,3.2872771764380624,8.260775385717293,0
0,1581,4.520747152045713,6.46162989508794,0
0,1582,3.6506869089156035,6.54491574497222,0
0,1583,2.073632654874998,8.298836736371069,0
0,1584,3.562591522969986,6.29032516703779,0
0,1585,2.0784759249040907,6.746566418891596,0
0,1586,5.081290090929511,9.004725907148423,0
0,1587,4.347181362531098,7.097252957535211,0
0,1588,3.746701823917482,9.023779182054307,0
0,1589,2.6074026081594184,8.460614518988717,0
0,1590,5.436993428087931,8.774085909478643,0
0,1591,2.0856437893812036,7.256102206980374,0
0,1592,3.0388330143861246,9.093005035082008,0
0,1593,2.6579651570351963,8.418317769391908,0
0,1594,4.480603355191247,9.73318928356672,0
0,1595,3.606824390805806,8.80117372898441,0
0,1596,3.714520618370637,6.758878068983055,0
0,1597,4.422028419396184,7.878994858224038,0
0,1598,3.145478862992259,9.91412153935219,0
0,1599,5.991790664724271,9.718039125552778,0
0,1600,8.873568846897516,-8.015015900847214,0
0,1601,7.640712159511377,-9.160760465765817,0
0,1602,7.660256685986511,-6.414893780067197,0
0,1603,8.971209756540764,-6.21137727783022,0
0,1604,9.748595543231819,-7.785511244540082,0
0,1605,9.454276205901241,-6.622948071704361,0
0,1606,8.49634544635201,-9.829493779971664,0
0,1607,8.61535343206815,-9.283805379809984,0
0,1608,7.891251293443155,-9.102138107796774,0
0,1609,6.567797242076571,-6.615199645865754,0
0,1610,6.5768993862356595,-6.852742844331519,0
0,1611,7.373907598410561,-6.7250986302180715,0
0,1612,6.939281123976238,-7.2368947353147774,0
0,1613,7.375319661815601,-7.1061894560362155,0
0,1614,8.197817722610692,-8.505210909758231,0
0,1615,7.836283797844931,-6.618251936261348,0
0,1616,7.9723779239712815,-6.571077010187434,0
0,1617,9.561295098164754,-9.534147120675287,0
0,1618,6.010196691533274,-9.69516648457229,0
0,1619,8.30443226654051,-6.5762032975721905,0
0,1620,6.122927193090057,-6.578152528109027,0
0,1621,7.017950251705708,-9.24010784372654,0
0,1622,6.2520292956000585,-8.568123937167417,0
0,1623,7.20785160701298,-8.582244074092447,0
0,1624,8.308360570406268,-9.2671955562288,0
0,1625,7.07175362591595,-6.607708637835666,0
0,1626,9.593052512062034,-6.080780575053268,0
0,1627,8.226271636099101,-8.280392856314894,0
0,1628,8.950033867256948,-6.237749637514722,0
0,1629,9.766815175302444,-8.894427477457853,0
0,1630,8.102398288057524,-9.626766724109949,0
0,1631,6.193837083992582,-8.84365176990074,0
0,1632,7.226453649844927,-7.2813136611864575,0
0,1633,9.322140725052602,-6.806819810092067,0
0,1634,7.864156143121986,-8.643405578853278,0
0,1635,7.208515370780445,-8.187328703441143,0
0,1636,6.803332295582516,-7.324611268519698,0
0,1637,8.99954132064219,-6.54309192041107,0
0,1638,8.242904086906881,-8.4358077336551,0
0,1639,6.116149658465153,-7.180641933978837,0
0,1640,9.728196940278925,-8.426049527637781,0
0,1641,7.128153957242118,-9.265236968591829,0
0,1642,7.9808835671005856,-9.699335150716717,0
0,1643,7.469432165232625,-8.744266286584905,0
0,1644,9.110860129583209,-7.308989801610329,0
0,1645,8.22835813025977,-6.202593478467653,0
0,1646,8.921485002606532,-8.572554837414481,0
0,1647,8.765062418377394,-9.129041470600653,0
0,1648,6.401264815441502,-8.90794174524298,0
0,1649,8.132615308518243,-6.376431919545844,0
0,1650,9.584195052615952,-8.640119766126137,0
0,1651,9.157171271533514,-9.247015625518742,0
0,1652,9.277324426252633,-8.427738624071845,0
0,1653,8.819791151339128,-8.50083378592237,0
0,1654,8.330339792954176,-7.44260322293799,0
0,1655,8.173722300481975,-9.218822215842241,0
0,1656,7.700162152200153,-9.4604586258271,0
0,1657,8.103885939570013,-8.481871028951899,0
0,1658,6.08559910702213,-7.848719791695649,0
0,1659,6.125331336202686,-7.404132525158019,0
0,1660,7.287277176438062,-7.739224614282707,0
0,1661,8.520747152045713,-9.53837010491206,0
0,1662,7.6506869089156035,-9.45508425502778,0
0,1663,6.073632654874999,-7.7011632636289304,0
0,1664,7.562591522969986,-9.709674832962211,0
0,1665,6.07847592490409,-9.253433581108403,0
0,1666,9.08129009092951,-6.995274092851577,0
0,1667,8.3471813625311,-8.902747042464789,0
0,1668,7.746701823917482,-6.976220817945693,0
0,1669,6.607402608159418,-7.539385481011283,0
0,1670,9.43699342808793,-7.225914090521357,0
0,1671,6.085643789381203,-8.743897793019627,0
0,1672,7.038833014386125,-6.906994964917992,0
0,1673,6.657965157035196,-7.5816822306080915,0
0,1674,8.480603355191247,-6.26681071643328,0
0,1675,7.606824390805806,-7.198826271015591,0
0,1676,7.714520618370637,-9.241121931016945,0
0,1677,8.422028419396185,-8.121005141775962,0
0,1678,7.14547886299226,-6.085878460647811,0
0,1679,9.99179066472427,-6.281960874447221,0
0,1680,8.873568846897516,-4.015015900847214,0
0,1681,7.640712159511377,-5.160760465765817,0
0,1682,7.660256685986511,-2.414893780067197,0
0,1683,8.971209756540764,-2.21137727783022,0
0,1684,9.748595543231819,-3.7855112445400816,0
0,1685,9.454276205901241,-2.6229480717043603,0
0,1686,8.49634544635201,-5.829493779971664,0
0,1687,8.61535343206815,-5.2838053798099835,0
0,1688,7.891251293443155,-5.102138107796774,0
0,1689,6.567797242076571,-2.615199645865754,0
0,1690,6.5768993862356595,-2.8527428443315186,0
0,1691,7.373907598410561,-2.7250986302180715,0
0,1692,6.939281123976238,-3.236894735314778,0
0,1693,7.375319661815601,-3.106189456036215,0
0,1694,8.197817722610692,-4.505210909758231,0
0,1695,7.836283797844931,-2.6182519362613483,0
0,1696,7.9723779239712815,-2.5710770101874334,0
0,1697,9.561295098164754,-5.5341471206752875,0
0,1698,6.010196691533274,-5.69516648457229,0
0,1699,8.30443226654051,-2.57620329757219,0
0,1700,6.122927193090057,-2.578152528109027,0
0,1701,7.017950251705708,-5.240107843726539,0
0,1702,6.2520292956000585,-4.568123937167417,0
0,1703,7.20785160701298,-4.582244074092447,0
0,1704,8.308360570406268,-5.267195556228801,0
0,1705,7.07175362591595,-2.607708637835666,0
0,1706,9.593052512062034,-2.0807805750532684,0
0,1707,8.226271636099101,-4.280392856314894,0
0,1708,8.950033867256948,-2.237749637514722,0
0,1709,9.766815175302444,-4.894427477457852,0
0,1710,8.102398288057524,-5.62676672410995,0
0,1711,6.193837083992582,-4.84365176990074,0
0,1712,7.226453649844927,-3.281313661186458,0
0,1713,9.322140725052602,-2.8068198100920667,0
0,1714,7.864156143121986,-4.643405578853278,0
0,1715,7.208515370780445,-4.187328703441142,0
0,1716,6.803332295582516,-3.3246112685196976,0
0,1717,8.99954132064219,-2.5430919204110696,0
0,1718,8.242904086906881,-4.4358077336551,0
0,1719,6.116149658465153,-3.1806419339788365,0
0,1720,9.728196940278925,-4.426049527637781,0
0,1721,7.128153957242118,-5.265236968591829,0
0,1722,7.9808835671005856,-5.699335150716717,0
0,1723,7.469432165232625,-4.744266286584905,0
0,1724,9.110860129583209,-3.308989801610329,0
0,1725,8.22835813025977,-2.2025934784676533,0
0,1726,8.921485002606532,-4.572554837414481,0
0,1727,8.765062418377394,-5.129041470600653,0
0,1728,6.401264815441502,-4.907941745242979,0
0,1729,8.132615308518243,-2.376431919545844,0
0,1730,9.584195052615952,-4.640119766126137,0
0,1731,9.157171271533514,-5.247015625518741,0
0,1732,9.277324426252633,-4.427738624071845,0
0,1733,8.819791151339128,-4.500833785922371,0
0,1734,8.330339792954176,-3.44260322293799,0
0,1735,8.173722300481975,-5.218822215842241,0
0,1736,7.700162152200153,-5.4604586258270995,0
0,1737,8.103885939570013,-4.481871028951899,0
0,1738,6.08559910702213,-3.848719791695649,0
0,1739,6.125331336202686,-3.4041325251580195,0
0,1740,7.287277176438062,-3.739224614282706,0
0,1741,8.520747152045713,-5.53837010491206,0
0,1742,7.6506869089156035,-5.45508425502778,0
0,1743,6.073632654874999,-3.7011632636289304,0
0,1744,7.562591522969986,-5.70967483296221,0
0,1745,6.07847592490409,-5.253433581108404,0
0,1746,9.08129009092951,-2.9952740928515778,0
0,1747,8.3471813625311,-4.902747042464789,0
0,1748,7.746701823917482,-2.9762208179456935,0
0,1749,6.607402608159418,-3.5393854810112826,0
0,1750,9.43699342808793,-3.2259140905213575,0
0,1751,6.085643789381203,-4.743897793019626,0
0,1752,7.038833014386125,-2.9069949649179914,0
0,1753,6.657965157035196,-3.581682230608091,0
0,1754,8.480603355191247,-2.2668107164332807,0
0,1755,7.606824390805806,-3.1988262710155912,0
0,1756,7.714520618370637,-5.241121931016945,0
0,1757,8.422028419396185,-4.121005141775962,0
0,1758,7.14547886299226,-2.0858784606478102,0
0,1759,9.99179066472427,-2.281960874447221,0
0,1760,8.873568846897516,-0.01501590084721327,0
0,1761,7.640712159511377,-1.1607604657658173,0
0,1762,7.660256685986511,1.5851062199328032,0
0,1763,8.971209756540764,1.7886227221697801,0
0,1764,9.748595543231819,0.2144887554599184,0
0,1765,9.454276205901241,1.3770519282956397,0
0,1766,8.49634544635201,-1.8294937799716644,0
0,1767,8.61535343206815,-1.2838053798099835,0
0,1768,7.891251293443155,-1.1021381077967747,0
0,1769,6.567797242076571,1.3848003541342462,0
0,1770,6.5768993862356595,1.1472571556684814,0
0,1771,7.373907598410561,1.2749013697819285,0
0,1772,6.939281123976238,0.7631052646852221,0
0,1773,7.375319661815601,0.8938105439637849,0
0,1774,8.197817722610692,-0.5052109097582318,0
0,1775,7.836283797844931,1.3817480637386517,0
0,1776,7.9723779239712815,1.4289229898125666,0
0,1777,9.561295098164754,-1.534147120675288,0
0,1778,6.010196691533274,-1.6951664845722902,0
0,1779,8.30443226654051,1.42379670242781,0
0,1780,6.122927193090057,1.421847471890973,0
0,1781,7.017950251705708,-1.240107843726539,0
0,1782,6.2520292956000585,-0.5681239371674174,0
0,1783,7.20785160701298,-0.5822440740924475,0
0,1784,8.308360570406268,-1.2671955562288009,0
0,1785,7.07175362591595,1.3922913621643338,0
0,1786,9.593052512062034,1.9192194249467316,0
0,1787,8.226271636099101,-0.2803928563148941,0
0,1788,8.950033867256948,1.762250362485278,0
0,1789,9.766815175302444,-0.8944274774578522,0
0,1790,8.102398288057524,-1.6267667241099497,0
0,1791,6.193837083992582,-0.8436517699007395,0
0,1792,7.226453649844927,0.718686338813542,0
0,1793,9.322140725052602,1.1931801899079333,0
0,1794,7.864156143121986,-0.6434055788532778,0
0,1795,7.208515370780445,-0.18732870344114172,0
0,1796,6.803332295582516,0.6753887314803024,0
0,1797,8.99954132064219,1.4569080795889304,0
0,1798,8.242904086906881,-0.4358077336551003,0
0,1799,6.116149658465153,0.8193580660211635,0
0,1800,9.728196940278925,-0.4260495276377818,0
0,1801,7.128153957242118,-1.2652369685918283,0
0,1802,7.9808835671005856,-1.699335150716717,0
0,1803,7.469432165232625,-0.7442662865849052,0
0,1804,9.110860129583209,0.6910101983896708,0
0,1805,8.22835813025977,1.7974065215323467,0
0,1806,8.921485002606532,-0.5725548374144811,0
0,1807,8.765062418377394,-1.129041470600653,0
0,1808,6.401264815441502,-0.9079417452429799,0
0,1809,8.132615308518243,1.623568080454156,0
0,1810,9.584195052615952,-0.6401197661261366,0
0,1811,9.157171271533514,-1.247015625518741,0
0,1812,9.277324426252633,-0.42773862407184415,0
0,1813,8.819791151339128,-0.5008337859223704,0
0,1814,8.330339792954176,0.5573967770620101,0
0,1815,8.173722300481975,-1.2188222158422417,0
0,1816,7.700162152200153,-1.460458625827099,0
0,1817,8.103885939570013,-0.48187102895189904,0
0,1818,6.08559910702213,0.15128020830435096,0
0,1819,6.125331336202686,0.5958674748419805,0
0,1820,7.287277176438062,0.26077538571729386,0
0,1821,8.520747152045713,-1.53837010491206,0
0,1822,7.6506869089156035,-1.4550842550277792,0
0,1823,6.073632654874999,0.29883673637106956,0
0,1824,7.562591522969986,-1.70967483296221,0
0,1825,6.07847592490409,-1.2534335811084043,0
0,1826,9.08129009092951,1.0047259071484222,0
0,1827,8.3471813625311,-0.9027470424647888,0
0,1828,7.746701823917482,1.0237791820543065,0
0,1829,6.607402608159418,0.4606145189887174,0
0,1830,9.43699342808793,0.7740859094786425,0
0,1831,6.085643789381203,-0.7438977930196264,0
0,1832,7.038833014386125,1.0930050350820086,0
0,1833,6.657965157035196,0.4183177693919089,0
0,1834,8.480603355191247,1.7331892835667193,0
0,1835,7.606824390805806,0.8011737289844088,0
0,1836,7.714520618370637,-1.241121931016945,0
0,1837,8.422028419396185,-0.12100514177596189,0
0,1838,7.14547886299226,1.9141215393521898,0
0,1839,9.99179066472427,1.718039125552779,0
0,1840,8.873568846897516,3.9849840991527867,0
0,1841,7.640712159511377,2.8392395342341827,0
0,1842,7.660256685986511,5.585106219932803,0
0,1843,8.971209756540764,5.78862272216978,0
0,1844,9.748595543231819,4.214488755459918,0
0,1845,9.454276205901241,5.377051928295639,0
0,1846,8.49634544635201,2.1705062200283356,0
0,1847,8.61535343206815,2.7161946201900165,0
0,1848,7.891251293443155,2.8978618922032253,0
0,1849,6.567797242076571,5.384800354134246,0
0,1850,6.5768993862356595,5.147257155668481,0
0,1851,7.373907598410561,5.2749013697819285,0
0,1852,6.939281123976238,4.7631052646852226,0
0,1853,7.375319661815601,4.8938105439637845,0
0,1854,8.197817722610692,3.494789090241768,0
0,1855,7.836283797844931,5.381748063738652,0
0,1856,7.9723779239712815,5.428922989812566,0
0,1857,9.561295098164754,2.465852879324712,0
0,1858,6.010196691533274,2.3048335154277098,0
0,1859,8.30443226654051,5.4237967024278095,0
0,1860,6.122927193090057,5.421847471890973,0
0,1861,7.017950251705708,2.759892156273461,0
0,1862,6.2520292956000585,3.4318760628325826,0
0,1863,7.20785160701298,3.4177559259075525,0
0,1864,8.308360570406268,2.732804443771199,0
0,1865,7.07175362591595,5.392291362164334,0
0,1866,9.593052512062034,5.919219424946732,0
0,1867,8.226271636099101,3.719607143685106,0
0,1868,8.950033867256948,5.762250362485278,0
0,1869,9.766815175302444,3.1055725225421478,0
0,1870,8.102398288057524,2.3732332758900503,0
0,1871,6.193837083992582,3.1563482300992605,0
0,1872,7.226453649844927,4.7186863388135425,0
0,1873,9.322140725052602,5.193180189907933,0
0,1874,7.864156143121986,3.3565944211467222,0
0,1875,7.208515370780445,3.8126712965588583,0
0,1876,6.803332295582516,4.675388731480302,0
0,1877,8.99954132064219,5.45690807958893,0
0,1878,8.242904086906881,3.5641922663448997,0
0,1879,6.116149658465153,4.819358066021163,0
0,1880,9.728196940278925,3.573950472362218,0
0,1881,7.128153957242118,2.7347630314081717,0
0,1882,7.9808835671005856,2.300664849283283,0
0,1883,7.469432165232625,3.2557337134150948,0
0,1884,9.110860129583209,4.691010198389671,0
0,1885,8.22835813025977,5.797406521532347,0
0,1886,8.921485002606532,3.427445162585519,0
0,1887,8.765062418377394,2.870958529399347,0
0,1888,6.401264815441502,3.09205825475702,0
0,1889,8.132615308518243,5.623568080454156,0
0,1890,9.584195052615952,3.3598802338738634,0
0,1891,9.157171271533514,2.752984374481259,0
0,1892,9.277324426252633,3.572261375928156,0
0,1893,8.819791151339128,3.4991662140776296,0
0,1894,8.330339792954176,4.55739677706201,0
0,1895,8.173722300481975,2.7811777841577583,0
0,1896,7.700162152200153,2.539541374172901,0
0,1897,8.103885939570013,3.518128971048101,0
0,1898,6.08559910702213,4.151280208304351,0
0,1899,6.125331336202686,4.595867474841981,0
0,1900,7.287277176438062,4.260775385717293,0
0,1901,8.520747152045713,2.46162989508794,0
0,1902,7.6506869089156035,2.544915744972221,0
0,1903,6.073632654874999,4.2988367363710696,0
0,1904,7.562591522969986,2.29032516703779,0
0,1905,6.07847592490409,2.7465664188915957,0
0,1906,9.08129009092951,5.004725907148423,0
0,1907,8.3471813625311,3.0972529575352112,0
0,1908,7.746701823917482,5.023779182054307,0
0,1909,6.607402608159418,4.460614518988717,0
0,1910,9.43699342808793,4.774085909478643,0
0,1911,6.085643789381203,3.2561022069803736,0
0,1912,7.038833014386125,5.093005035082008,0
0,1913,6.657965157035196,4.4183177693919085,0
0,1914,8.480603355191247,5.73318928356672,0
0,1915,7.606824390805806,4.801173728984409,0
0,1916,7.714520618370637,2.758878068983055,0
0,1917,8.422028419396185,3.878994858224038,0
0,1918,7.14547886299226,5.914121539352189,0
0,1919,9.99179066472427,5.718039125552779,0
0,1920,8.873568846897516,7.984984099152786,0
0,1921,7.640712159511377,6.839239534234183,0
0,1922,7.660256685986511,9.585106219932804,0
0,1923,8.971209756540764,9.78862272216978,0
0,1924,9.748595543231819,8.214488755459918,0
0,1925,9.454276205901241,9.37705192829564,0
0,1926,8.49634544635201,6.170506220028336,0
0,1927,8.61535343206815,6.7161946201900165,0
0,1928,7.891251293443155,6.897861892203226,0
0,1929,6.567797242076571,9.384800354134246,0
0,1930,6.5768993862356595,9.14725715566848,0
0,1931,7.373907598410561,9.27490136978193,0
0,1932,6.939281123976238,8.763105264685223,0
0,1933,7.375319661815601,8.893810543963784,0
0,1934,8.197817722610692,7.494789090241769,0
0,1935,7.836283797844931,9.381748063738652,0
0,1936,7.9723779239712815,9.428922989812566,0
0,1937,9.561295098164754,6.4658528793247125,0
0,1938,6.010196691533274,6.30483351542771,0
0,1939,8.30443226654051,9.42379670242781,0
0,1940,6.122927193090057,9.421847471890974,0
0,1941,7.017950251705708,6.759892156273461,0
0,1942,6.2520292956000585,7.431876062832583,0
0,1943,7.20785160701298,7.417755925907553,0
0,1944,8.308360570406268,6.732804443771199,0
0,1945,7.07175362591595,9.392291362164334,0
0,1946,9.593052512062034,9.919219424946732,0
0,1947,8.226271636099101,7.719607143685106,0
0,1948,8.950033867256948,9.762250362485279,0
0,1949,9.766815175302444,7.105572522542148,0
0,1950,8.102398288057524,6.37323327589005,0
0,1951,6.193837083992582,7.15634823009926,0
0,1952,7.226453649844927,8.718686338813542,0
0,1953,9.322140725052602,9.193180189907933,0
0,1954,7.864156143121986,7.356594421146722,0
0,1955,7.208515370780445,7.812671296558858,0
0,1956,6.803332295582516,8.675388731480302,0
0,1957,8.99954132064219,9.456908079588931,0
0,1958,8.242904086906881,7.5641922663449,0
0,1959,6.116149658465153,8.819358066021163,0
0,1960,9.728196940278925,7.573950472362219,0
0,1961,7.128153957242118,6.734763031408171,0
0,1962,7.9808835671005856,6.300664849283283,0
0,1963,7.469432165232625,7.255733713415095,0
0,1964,9.110860129583209,8.691010198389671,0
0,1965,8.22835813025977,9.797406521532347,0
0,1966,8.921485002606532,7.427445162585519,0
0,1967,8.765062418377394,6.870958529399347,0
0,1968,6.401264815441502,7.092058254757021,0
0,1969,8.132615308518243,9.623568080454156,0
0,1970,9.584195052615952,7.359880233873863,0
0,1971,9.157171271533514,6.752984374481259,0
0,1972,9.277324426252633,7.572261375928155,0
0,1973,8.819791151339128,7.499166214077629,0
0,1974,8.330339792954176,8.55739677706201,0
0,1975,8.173722300481975,6.781177784157759,0
0,1976,7.700162152200153,6.5395413741729005,0
0,1977,8.103885939570013,7.518128971048101,0
0,1978,6.08559910702213,8.151280208304351,0
0,1979,6.125331336202686,8.595867474841981,0
0,1980,7.287277176438062,8.260775385717293,0
0,1981,8.520747152045713,6.46162989508794,0
0,1982,7.6506869089156035,6.54491574497222,0
0,1983,6.073632654874999,8.298836736371069,0
0,1984,7.562591522969986,6.29032516703779,0
0,1985,6.07847592490409,6.746566418891596,0
0,1986,9.08129009092951,9.004725907148423,0
0,1987,8.3471813625311,7.097252957535211,0
0,1988,7.746701823917482,9.023779182054307,0
0,1989,6.607402608159418,8.460614518988717,0
0,1990,9.43699342808793,8.774085909478643,0
0,1991,6.085643789381203,7.256102206980374,0
0,1992,7.038833014386125,9.093005035082008,0
0,1993,6.657965157035196,8.418317769391908,0
0,1994,8.480603355191247,9.73318928356672,0
0,1995,7.606824390805806,8.80117372898441,0
0,1996,7.714520618370637,6.758878068983055,0
0,1997,8.422028419396185,7.878994858224038,0
0,1998,7.14547886299226,9.91412153935219,0
0,1999,9.99179066472427,9.718039125552778,0
