epoch,global_loss,test_loss
0,437.62564266774666,226.55427807657497
1,166.1044343440405,145.99366115171406
2,154.14154408713506,160.66262602815354
3,141.83715702381446,141.7522945491121
4,135.72973130595898,109.33513901857971
5,129.94675098284327,115.68827284040059
6,128.1279345377527,162.42271894105386
7,122.24823351275022,125.23567690086068
8,121.84929109712674,114.21935557096432
9,116.20948652333776,173.07172905685556
10,114.10476070063561,109.60219452838705
11,106.82277973567041,91.92547399699457
12,106.71206818047474,97.05258548324574
13,100.59212599072978,123.60164466122832
14,97.23010794303171,84.71755164644009
15,95.29982299515696,87.51138918434083
16,91.89459568609446,100.49792613470008
17,88.5725700332846,92.03651181393663
18,88.44214980715267,84.769492300194
19,84.5457644252325,96.78424810436964
20,86.3877563907272,82.75352404524212
21,84.23792638455423,76.98605497770747
22,82.281343248248,71.5532204456448
23,82.18525141259914,97.66204159363537
24,79.15585169300333,83.36952025666196
25,71.8895731811479,68.76039373291123
26,71.21231791458115,71.94768144825956
27,69.26118541657694,66.28739554523588
28,66.86290690388527,77.84653938131547
29,68.20757083135143,64.07776896881334
30,66.38672295974592,64.7354452077418
31,65.33274943076462,67.95030714679153
32,64.67351360967572,74.96866389574149
33,63.60482645173729,66.6721596571949
34,60.0741724324671,66.37130542985209
35,61.03715492304481,61.44304826871869
36,58.48944462035734,70.77388283719179
37,57.723496729167934,64.40306400071769
38,56.52165101768439,91.3934902728947
39,56.42044950957991,68.24057219680557
40,54.58981755368915,63.34428329484446
41,54.51947219837703,61.219113110569715
42,52.18578901162144,57.896254001797494
43,52.10658769905799,54.19250508793213
44,51.05783069323641,58.17937448414704
45,49.62415067526196,56.16787031980661
46,48.94985371054655,61.010103548138105
47,47.54494188620587,55.68729065297274
48,47.28205074273808,70.53499346763104
49,46.37128064863054,60.071923904022505
50,42.00250269469126,71.9978258509736
51,40.92239896048847,59.65817580386568
52,40.06451255033298,50.9653607604109
53,39.674163526866266,56.49045023838494
54,38.83219704932729,62.35140043798119
55,37.932956947359635,53.447361878257624
56,37.35526437275893,49.36382293258884
57,36.579061877106916,55.11481076103824
58,35.72816722864964,49.87188728154863
59,35.6829959559135,53.0980492160361
60,34.51434253659838,51.18300304523066
61,33.128338856968476,47.45084969209624
62,32.867213694319396,48.543162294108456
63,31.508060429965976,51.078857928491324
64,31.80552246932754,52.69720737968384
65,31.194389545973085,47.9411628378299
66,30.33336634321461,47.60276286515878
67,29.121505896991412,49.168645773965814
68,28.904528820083968,46.39861935164082
69,28.68349991823317,49.72094474685405
70,28.04048002537314,48.00657483127197
71,27.293868473753413,45.273692436522076
72,26.702197413587626,49.04856042852213
73,25.830267052944077,46.638850445282394
74,25.599753765121577,48.68617192441026
75,22.678483974012,43.16557634975573
76,21.744897606535854,43.283992407297845
77,22.217313327491514,40.95901120642219
78,20.98338132920706,44.364825099938216
79,20.545514260347073,41.861520466386764
80,19.840077552877847,42.339634248033086
81,19.404453965935858,42.039931204537595
82,19.504513948947398,44.38389655125632
83,18.960958423453334,42.75504129175632
84,18.444388473378936,40.964324249856304
85,18.2932085761194,40.72135868248267
86,17.846193459646223,41.33321236596148
87,17.3579466268015,41.62997223808493
88,17.52039503320623,45.82265709311627
89,16.705104039416074,41.184395642373666
90,16.608809794602507,38.83798105999677
91,16.150527368278677,39.11387435396049
92,15.536548385531196,39.469630716506046
93,15.62386419366475,38.38260580762561
94,15.570810577553562,40.34937798523032
95,15.263231360388987,40.43529611105778
96,14.771330628871176,38.6717368918699
97,14.817295047115149,42.49411993790432
98,14.141598405943142,43.01174193819827
99,13.909079323420714,38.64217190170066
100,12.505175259876085,37.50845384969439
101,11.877780468186483,36.453775313223346
102,12.040319719966197,36.32219133892537
103,11.54530777669893,36.6563542310985
104,11.404934393706577,39.92613563754342
105,11.4301682706711,37.39672345862012
106,11.09956467273213,37.754939253478895
107,10.767497273765521,37.37528112321143
108,10.820956100510736,38.224422708466335
109,10.34582841492431,36.354390190047354
110,10.359819709756806,37.06985828180876
111,10.128023864147083,35.91463877222477
112,10.059014377048891,36.998325493959555
113,10.27235799297262,35.87050827531826
114,9.611684780136596,35.58543929123054
115,9.806455575468101,36.6475653214425
116,9.491141364812018,35.56009595209578
117,9.187012798430018,35.514266617833506
118,9.32705873694407,36.2072846620534
119,9.030003445374938,35.748372998531465
120,8.981415039372704,34.871093727295126
121,8.943671858289859,35.44029801088243
122,8.81528017645023,34.331035592333464
123,8.62518429590596,34.862579697634516
124,8.346387688629184,37.21906595495938
125,7.442643402200757,34.79095900453564
126,7.225829166207512,34.988087080390116
127,7.170337786555012,35.36095997793043
128,7.157527235166547,33.58973004933513
129,6.895596363044054,33.638827252661244
130,6.759958995840488,34.34907134333459
131,6.891222205531162,33.89426481502063
132,6.704677498632377,34.089178991808666
133,6.48951513673922,34.45594296859694
134,6.577743779691319,33.733070402978555
135,6.485007465696187,34.473112315344736
136,6.400490677509552,34.030610265292765
137,6.251285226044492,33.131169875503375
138,6.352592887173073,33.71613232055049
139,6.089996492309263,34.62830909929747
140,6.080714166702785,34.60394000081981
141,6.214917435697927,33.46096650113604
142,5.962935979862313,33.213351712342885
143,5.920190760050991,33.69712608296601
144,6.001556708627231,33.06291565058786
145,5.83230972141838,33.00348849572595
146,5.597777301244432,34.75840453658812
147,5.652042092756884,33.38361005878717
148,5.629165579678481,34.08679981444034
149,5.573959483364893,33.56614769812277
150,4.902862686759386,32.799393628797006
151,4.722471568904233,33.94508863762079
152,4.772569546002747,34.345608857950225
153,4.726875373805644,33.31297572485078
154,4.594151799362254,32.82086240191652
155,4.605685936404275,33.01057273368318
156,4.449969918051012,33.3284086323493
157,4.459770322592803,32.36645229625072
158,4.386852525400393,33.48256125288965
159,4.394780292748108,32.91505721300586
160,4.342931923402217,32.70047817875363
161,4.331085011351451,33.26965942156806
162,4.291387432822907,33.163567745706416
163,4.205294721013785,33.636428553906285
164,4.262617290239975,32.327633817018054
165,4.159666480058001,33.649285428098636
166,4.1550041683475545,32.09225553706601
167,4.161942529951591,32.616987807118996
168,4.082338986366918,32.2506883601255
169,3.914507056027072,33.04474561783632
170,3.942222126476646,32.546108119108695
171,3.8990249225657023,32.36025780244863
172,3.8975785300251395,32.62386966405238
173,3.7889892479177583,32.471445505018835
174,3.827670563883622,32.18103065069044
175,3.4462817373461934,32.2721232746112
176,3.278892661962244,32.61280336492082
177,3.2886132664353283,32.721743571962044
178,3.2771142057397147,32.55598274955313
179,3.2512643232177467,32.19224058024487
180,3.1934228739133155,31.789726062318152
181,3.1853698111126936,32.259134520149175
182,3.1871009594366453,31.72173560055287
183,3.2048308155915493,31.763123104356016
184,3.074334571747328,31.84480770638541
185,3.0686085079713394,32.087565477014095
186,3.0337004031068426,31.82523717961065
187,2.988494776067756,32.077328973392596
188,3.07109456740916,31.825011269797997
189,2.992569435630992,31.883946812039397
190,2.9323820918682664,31.64772635669952
191,2.9438006649055772,32.137590698845734
192,2.9405969282222886,31.918931695901108
193,2.8406652205196017,31.67965636827289
194,2.8187163633691683,31.74452195583431
195,2.9354970107418024,31.889865750714662
196,2.833518405764045,31.930985833954562
197,2.7747110983511694,32.45063022968143
198,2.8116208711565234,32.07877948675261
199,2.817124930763995,32.141514998134845
200,2.5082197807144544,31.647021477039043
201,2.4293319905971313,31.81300768797469
202,2.4148031227991114,31.56903610086154
203,2.396740450705427,31.69529510000554
204,2.3923702954250246,31.820565779471266
205,2.379135540031655,31.81502644960257
206,2.3425893011476147,31.80251025235412
207,2.3192312630716923,31.84746354353479
208,2.3236725664557927,32.261191140012215
209,2.2971807890966036,31.579854012953977
210,2.306977480195503,32.37208558503819
211,2.2849501243502295,31.79450313870237
212,2.2672160632196285,31.757093512766474
213,2.23276151704552,31.88273456572282
214,2.2359897322958537,31.77278898799938
215,2.2107987828790074,31.574643578991097
216,2.2456084438646684,31.42817705102039
217,2.1656877631965585,31.481101759768034
218,2.1408794419528814,31.47047751238273
219,2.126179653511505,31.709432883499293
220,2.1450894233577458,31.42617523252802
221,2.167100752028691,32.025238545584
222,2.14796660790725,31.610461774776404
223,2.1386977851610824,31.701854958939247
224,2.089980556015229,31.80680341561265
225,1.8997104856726172,31.612111244556186
226,1.870318533369306,31.35615486528351
227,1.8367844856233446,31.523862404336324
228,1.8214238128554663,31.559662519142947
229,1.8145808824848184,31.725260310384453
230,1.8344745869982029,31.36902465359268
231,1.7969885674343613,31.493257355439912
232,1.8194218536009599,31.51662588866591
233,1.7751101613473133,31.399487569233475
234,1.7543749761562897,31.439148388611965
235,1.7662266850552544,31.681104779938163
236,1.7740932321197642,31.36829073245477
237,1.7679378762725442,31.445244301784935
238,1.7161359278587935,31.87355757644798
239,1.7255006218625764,31.240664965958675
240,1.7173714603687453,31.655582779319413
241,1.698188241440933,32.14289686637811
242,1.7060406309637157,31.658172093847043
243,1.7054128888661582,31.480954398636264
244,1.6746027171959132,31.563182977257583
245,1.6610305134001497,31.38981558030823
246,1.6391696978212793,31.577319703834085
247,1.7141752602950768,31.567957243892973
248,1.663849622578517,31.25062713982782
249,1.630968459992559,31.42460370463809
250,1.4979792159186747,31.57644905032418
251,1.4778274826201803,31.352112387189035
252,1.481527018794253,31.302013368363887
253,1.4642197031183306,31.53707268924424
254,1.4495090088794744,31.628926264152522
255,1.4514980772662136,31.652539261634857
256,1.4306288166195964,31.37540973876925
257,1.4229032356949074,31.374792145225044
258,1.4272389968491008,31.2681292642455
259,1.4030609941044887,31.557541053015637
260,1.4096603838244934,31.44502216596634
261,1.4016430899906085,31.595808638953013
262,1.388762882768112,31.49328587929014
263,1.3845472911281602,31.44398021322285
264,1.3714912907533758,31.21615544156039
265,1.3673160526707548,31.376959105460053
266,1.3698312875748886,31.608405956745194
267,1.3671366055875946,31.6337680843975
268,1.345469317833872,31.484689024842194
269,1.3533224552557186,31.66519035430221
270,1.3431093223398753,31.555260818634
271,1.327785045365863,31.879093701959167
272,1.3314478976627422,31.289261949915083
273,1.3087748976941014,31.323281263965875
274,1.3120310008612686,31.784979949554064
275,1.2286150065636394,31.292646665540005
276,1.2073634295625193,31.275403205476117
277,1.2024039591010587,31.470710201890853
278,1.1974387222954537,31.42777228866007
279,1.1935904100305736,31.64940965712858
280,1.1948694923072012,31.52429900526792
281,1.188525574517718,31.544086193406798
282,1.1794074910556103,31.45883785394869
283,1.1674447758405497,31.554821060885036
284,1.1645463829152374,31.622231552153014
285,1.1625336749333,31.363105610348775
286,1.1549338835994218,31.42626201609481
287,1.162695350135563,31.48348453354377
288,1.1387361544614951,31.499239412863634
289,1.140611911755527,31.65519573646015
290,1.128799811578714,31.543420419560075
291,1.137432902385629,31.584032139323345
292,1.1325992793539466,31.4752670217482
293,1.1221726673315826,31.654401001500915
294,1.1156872869776773,31.446057418186186
295,1.1182908779552905,31.621191790187044
296,1.0988730563584603,31.275505644689723
297,1.1042434826360115,31.280409136313796
298,1.1075087817155675,31.77935629519804
299,1.0919593028701038,31.408656779821403
300,1.0347423654081476,31.488637105788293
